date,net,buy,sell
2016-12-05,8.803099999999999,9.0161,0.213
2016-12-06,5.0549,5.5073,0.4524
2016-12-07,3.2758,3.8836,0.6078
2016-12-08,3.9381,4.7339,0.7958
2016-12-09,3.4463,4.1676,0.7212999999999999
2016-12-12,2.8554000000000004,4.1314,1.276
2016-12-13,4.5569,5.1185,0.5616
2016-12-14,3.0433999999999997,3.7073,0.6639
2016-12-15,4.1947,4.7574000000000005,0.5627
2016-12-16,3.1538999999999997,3.6892,0.5353
2016-12-19,2.5652999999999997,3.1767000000000003,0.6114
2016-12-20,2.4130000000000003,3.1001999999999996,0.6872
2016-12-21,3.2273,3.7708,0.5435
2016-12-22,4.6866,5.0933,0.4067
2016-12-23,2.2721,2.8733,0.6012
2016-12-28,3.0101999999999998,4.0151,1.0049
2016-12-29,4.250299999999999,4.9158,0.6655
2016-12-30,2.4662,3.7713,1.3051
2017-01-03,2.5549,3.1757999999999997,0.6209
2017-01-04,2.2569999999999997,2.9648000000000003,0.7078
2017-01-05,2.6351,3.7216000000000005,1.0865
2017-01-06,1.6525999999999998,3.0648,1.4122
2017-01-09,3.0381,3.7898,0.7517
2017-01-10,2.8930000000000002,4.118399999999999,1.2254
2017-01-11,3.9866,5.1199,1.1333
2017-01-12,3.537,4.9068000000000005,1.3698
2017-01-13,2.4644999999999997,3.4895,1.025
2017-01-16,2.4076,3.8429,1.4353
2017-01-17,2.169,3.1518,0.9828
2017-01-18,2.1096,3.3051999999999997,1.1956
2017-01-19,1.6303999999999998,2.5663,0.9359000000000001
2017-01-20,1.7474,2.6568,0.9094
2017-01-23,2.3878,3.4747000000000003,1.0869
2017-01-24,2.5673000000000004,3.8394,1.2721
2017-02-03,2.4762,4.2055,1.7293
2017-02-06,4.0368,6.0230999999999995,1.9863
2017-02-07,3.6305,5.1068,1.4763
2017-02-08,4.067699999999999,6.4045000000000005,2.3368
2017-02-09,4.6638,7.9198,3.2560000000000002
2017-02-10,4.8263,8.051,3.2247000000000003
2017-02-13,5.6382,8.2102,2.572
2017-02-14,5.5428,8.0748,2.532
2017-02-15,4.3299,7.6485,3.3186
2017-02-16,3.0287,6.4751,3.4463999999999997
2017-02-17,2.2344999999999997,5.1432,2.9087
2017-02-20,3.9899,6.130599999999999,2.1407
2017-02-21,4.2513,7.431,3.1797000000000004
2017-02-22,4.7945,8.513200000000001,3.7187
2017-02-23,4.1068,8.0812,3.9744
2017-02-24,3.0189999999999997,6.494,3.475
2017-02-27,2.8911000000000002,6.09,3.1989
2017-02-28,3.2045999999999997,5.4084,2.2037999999999998
2017-03-01,3.2026,6.1188,2.9162
2017-03-02,3.4073,6.331900000000001,2.9246
2017-03-03,1.6865,6.1073,4.4208
2017-03-06,3.8744,6.495900000000001,2.6214999999999997
2017-03-07,2.8912999999999998,5.9609000000000005,3.0696
2017-03-08,3.4905,7.5799,4.0894
2017-03-09,3.2066000000000003,6.925599999999999,3.719
2017-03-10,4.1435,9.1472,5.0037
2017-03-13,6.9803999999999995,12.4129,5.4325
2017-03-14,6.014600000000001,9.1766,3.162
2017-03-15,6.916900000000001,12.296700000000001,5.3798
2017-03-16,11.0243,17.3237,6.2994
2017-03-17,4.5078,14.790799999999999,10.283
2017-03-20,11.504000000000001,23.0562,11.552200000000001
2017-03-21,9.1384,17.3055,8.1671
2017-03-22,4.1596,11.0942,6.9346000000000005
2017-03-23,3.5766000000000004,12.0534,8.476799999999999
2017-03-24,4.6853,12.048399999999999,7.363099999999999
2017-03-27,0.5857,12.860199999999999,12.2745
2017-03-28,0.1923,6.653,6.4607
2017-03-29,6.3736,12.8532,6.4796000000000005
2017-04-05,5.005,16.7776,11.7726
2017-04-06,4.125299999999999,9.5563,5.431
2017-04-07,4.7707,10.7774,6.0066999999999995
2017-04-10,2.4947,9.7666,7.2719000000000005
2017-04-11,1.4293,8.6323,7.202999999999999
2017-04-12,0.9882,6.78,5.791799999999999
2017-04-13,1.6015000000000001,6.795599999999999,5.1941
2017-04-18,0.3258,7.560700000000001,7.2349
2017-04-19,-0.858,5.3839,6.2419
2017-04-20,1.1365,6.3059,5.1694
2017-04-21,3.3132,6.2489,2.9356999999999998
2017-04-24,1.9479,6.1837,4.2358
2017-04-25,2.4779,7.0971,4.6192
2017-04-26,3.7887,7.795800000000001,4.007099999999999
2017-04-27,2.2029,7.1915,4.9886
2017-04-28,2.5206,6.9832,4.4626
2017-05-02,0.5367000000000001,6.6342,6.0975
2017-05-04,2.4084,8.8245,6.4161
2017-05-05,1.9741,5.900399999999999,3.9263
2017-05-08,-1.6025999999999998,6.722300000000001,8.3249
2017-05-09,3.0243,6.5092,3.4849
2017-05-10,1.5675,7.7912,6.2237
2017-05-11,1.2277,6.5998,5.3721000000000005
2017-05-12,2.0789,6.0483,3.9694
2017-05-15,3.0823,8.0533,4.971
2017-05-16,4.0105,9.1397,5.1292
2017-05-17,3.1349,7.860499999999999,4.7256
2017-05-18,8.1362,15.378,7.2418
2017-05-19,3.989,9.7289,5.7399000000000004
2017-05-22,2.7905,8.9184,6.1278999999999995
2017-05-23,2.3526,9.905700000000001,7.5531
2017-05-24,4.002,8.3138,4.3118
2017-05-31,3.6911,13.1678,9.4767
2017-06-01,4.9109,10.198500000000001,5.2876
2017-06-02,3.5159,8.6252,5.1093
2017-06-05,3.6973000000000003,8.5663,4.869
2017-06-06,3.8438999999999997,10.704500000000001,6.8606
2017-06-07,5.2485,12.3694,7.120900000000001
2017-06-08,6.7927,12.6706,5.8778999999999995
2017-06-09,12.4868,18.2192,5.7324
2017-06-12,3.009,15.430299999999999,12.4213
2017-06-13,2.7752,9.8062,7.031000000000001
2017-06-14,3.6216000000000004,9.8067,6.1851
2017-06-15,2.3040000000000003,8.163400000000001,5.859400000000001
2017-06-16,1.4569999999999999,7.4067,5.9497
2017-06-19,3.5452,8.3799,4.834700000000001
2017-06-20,3.8483,8.7075,4.8592
2017-06-21,5.5630999999999995,10.8792,5.3161000000000005
2017-06-22,4.79,11.86,7.07
2017-06-23,3.3068,8.576699999999999,5.2699
2017-06-26,4.4172,12.7841,8.366900000000001
2017-06-27,5.1612,10.8858,5.724600000000001
2017-06-28,2.84,9.3599,6.5199
2017-06-29,3.0882,8.2091,5.120900000000001
2017-06-30,3.8698,8.923,5.0532
2017-07-03,2.8971,12.336099999999998,9.439
2017-07-04,4.4239999999999995,15.7553,11.3313
2017-07-05,6.6568,12.886600000000001,6.2298
2017-07-06,5.399500000000001,11.1847,5.7852
2017-07-07,6.3088,12.758199999999999,6.449400000000001
2017-07-10,6.7175,15.6153,8.8978
2017-07-11,8.6906,16.456400000000002,7.7658000000000005
2017-07-12,4.7707,11.748299999999999,6.9776
2017-07-13,5.4144000000000005,13.798900000000001,8.384500000000001
2017-07-14,0.46149999999999997,9.271799999999999,8.8103
2017-07-17,2.0876,13.3736,11.286
2017-07-18,2.1787,12.403599999999999,10.2249
2017-07-19,8.7876,20.3108,11.5232
2017-07-20,7.6421,18.7676,11.125499999999999
2017-07-21,4.128,14.166300000000001,10.0383
2017-07-24,5.837000000000001,13.746099999999998,7.9091
2017-07-25,5.283200000000001,12.2301,6.9469
2017-07-26,3.3269,12.451400000000001,9.124500000000001
2017-07-27,5.2177999999999995,14.316500000000001,9.098700000000001
2017-07-28,3.8476999999999997,11.348099999999999,7.5004
2017-07-31,3.3257999999999996,11.833599999999999,8.5078
2017-08-01,4.777200000000001,14.191600000000001,9.4144
2017-08-02,6.5378,16.7178,10.18
2017-08-03,5.0532,13.3099,8.2567
2017-08-04,2.1215,11.386800000000001,9.2653
2017-08-07,2.6329000000000002,10.9437,8.3108
2017-08-08,7.0914,16.533,9.4416
2017-08-09,2.4228,12.718800000000002,10.296
2017-08-10,5.5149,15.612400000000001,10.0975
2017-08-11,-2.8977,18.173,21.070700000000002
2017-08-14,3.0972000000000004,11.1862,8.089
2017-08-15,3.6195,11.640899999999998,8.0214
2017-08-16,0.7199,9.081900000000001,8.362
2017-08-17,3.3105,13.5723,10.261800000000001
2017-08-18,4.8,9.5471,4.7471
2017-08-21,3.0138,10.1972,7.183400000000001
2017-08-22,3.388,12.011199999999999,8.6232
2017-08-24,2.9062,11.8707,8.964500000000001
2017-08-25,0.5263,13.3103,12.784
2017-08-28,5.1704,18.485699999999998,13.3153
2017-08-29,2.0219,11.975299999999999,9.9534
2017-08-30,3.6166,14.6061,10.9895
2017-08-31,1.7136000000000002,11.7192,10.0056
2017-09-01,5.7638,14.476199999999999,8.7124
2017-09-04,8.6074,18.691,10.0836
2017-09-05,6.0325999999999995,14.64,8.6074
2017-09-06,6.7677,15.8783,9.1106
2017-09-07,5.1175999999999995,17.8675,12.7499
2017-09-08,5.5472,13.0133,7.4661
2017-09-11,0.9768000000000001,15.437899999999999,14.461099999999998
2017-09-12,5.4140999999999995,18.1278,12.7137
2017-09-13,12.3019,21.0231,8.7212
2017-09-14,5.6912,18.4605,12.769300000000001
2017-09-15,6.6024,18.833099999999998,12.230699999999999
2017-09-18,5.9058,26.577800000000003,20.671999999999997
2017-09-19,3.9643,19.4148,15.4505
2017-09-20,9.2124,25.0898,15.8774
2017-09-21,6.493099999999999,23.5916,17.098499999999998
2017-09-22,6.5426,21.909000000000002,15.3664
2017-09-25,4.2294,26.2221,21.9927
2017-09-26,9.316799999999999,22.711100000000002,13.394300000000001
2017-09-27,5.6833,18.6358,12.9525
2017-10-09,5.9304,26.0399,20.1095
2017-10-10,5.657,19.782,14.125
2017-10-11,11.143699999999999,30.2674,19.1237
2017-10-12,9.4606,21.3873,11.9267
2017-10-13,9.8939,19.1595,9.2656
2017-10-16,5.9207,21.1783,15.2576
2017-10-17,5.7056,17.9784,12.2728
2017-10-18,5.8599,17.89,12.0301
2017-10-19,5.0299000000000005,21.655900000000003,16.625999999999998
2017-10-20,2.3283,14.880799999999999,12.5525
2017-10-23,9.1638,21.9379,12.7741
2017-10-24,5.0187,18.9702,13.951500000000001
2017-10-25,4.2712,15.5205,11.2493
2017-10-26,10.0973,21.8412,11.743900000000002
2017-10-27,10.4298,26.2277,15.7979
2017-10-30,9.0791,25.4397,16.360599999999998
2017-10-31,5.5709,20.14,14.5691
2017-11-01,11.398900000000001,29.729899999999997,18.331
2017-11-02,14.683399999999999,26.3222,11.638800000000002
2017-11-03,6.381900000000001,19.8197,13.4378
2017-11-06,11.2879,28.552,17.2641
2017-11-07,14.1509,31.4277,17.2768
2017-11-08,11.6701,28.5146,16.8445
2017-11-09,8.792300000000001,23.4998,14.7075
2017-11-10,17.8546,31.511799999999997,13.6572
2017-11-13,19.1983,35.4252,16.2269
2017-11-14,10.2697,26.3748,16.1051
2017-11-15,11.4871,30.904899999999998,19.4178
2017-11-16,10.491900000000001,29.7786,19.2867
2017-11-17,10.772,28.4232,17.6512
2017-11-20,10.565999999999999,25.1229,14.5569
2017-11-21,25.2964,45.2003,19.9039
2017-11-22,15.416300000000001,32.8559,17.4396
2017-11-23,10.376700000000001,33.8352,23.4585
2017-11-24,9.0147,23.406999999999996,14.3923
2017-11-27,2.0591999999999997,21.9003,19.841099999999997
2017-11-28,6.5745000000000005,22.648200000000003,16.0737
2017-11-29,5.4458,19.3507,13.9049
2017-11-30,-0.2076,24.4207,24.6283
2017-12-01,-0.6409999999999999,18.8869,19.5279
2017-12-04,8.957699999999999,22.0534,13.095699999999999
2017-12-05,3.6662,18.1022,14.436
2017-12-06,-7.5416,27.2957,34.8373
2017-12-07,0.7161,20.675500000000003,19.959400000000002
2017-12-08,7.3527,20.6894,13.3367
2017-12-11,13.0046,28.8645,15.8599
2017-12-12,4.1517,18.3197,14.168
2017-12-13,7.07,18.5803,11.510299999999999
2017-12-14,6.0049,23.347199999999997,17.3423
2017-12-15,9.577300000000001,22.975700000000003,13.398399999999999
2017-12-18,1.996,15.448,13.452
2017-12-19,-0.5104,16.9008,17.411199999999997
2017-12-20,-5.1829,16.7313,21.9142
2017-12-21,7.0748,20.4478,13.373
2017-12-22,3.3669,17.2194,13.8525
2017-12-27,4.8513,24.5696,19.7183
2017-12-28,6.867100000000001,22.648000000000003,15.780899999999999
2017-12-29,12.729000000000001,30.1587,17.4297
2018-01-02,12.7928,37.2417,24.4489
2018-01-03,9.9516,37.4885,27.5369
2018-01-04,10.6882,30.3293,19.641099999999998
2018-01-05,4.1155,29.922399999999996,25.8069
2018-01-08,8.5169,33.9437,25.4268
2018-01-09,11.1906,31.957399999999996,20.7668
2018-01-10,1.1508,28.7486,27.597800000000003
2018-01-11,2.8232,24.8523,22.0291
2018-01-12,8.8171,32.1549,23.3378
2018-01-15,8.6687,34.2594,25.590700000000002
2018-01-16,3.6786000000000003,31.526999999999997,27.8484
2018-01-17,11.7127,35.872800000000005,24.160100000000003
2018-01-18,21.937800000000003,47.0884,25.1506
2018-01-19,17.597,41.602799999999995,24.0058
2018-01-22,13.5909,43.546800000000005,29.9559
2018-01-23,22.7025,50.56270000000001,27.8602
2018-01-24,17.6346,49.074600000000004,31.44
2018-01-25,0.18100000000000002,37.1674,36.986399999999996
2018-01-26,13.562899999999999,43.4926,29.929699999999997
2018-01-29,16.686700000000002,52.4938,35.8071
2018-01-30,10.980799999999999,41.9569,30.976100000000002
2018-01-31,8.7359,40.5699,31.834
2018-02-01,1.9197,37.899899999999995,35.980199999999996
2018-02-02,9.7867,35.439099999999996,25.652399999999997
2018-02-05,25.749699999999997,54.6058,28.8561
2018-02-06,6.205299999999999,69.4754,63.2701
2018-02-07,-10.862400000000001,42.356700000000004,53.2191
2018-02-08,-2.5792,29.1319,31.711100000000002
2018-02-09,-15.0252,48.2954,63.320600000000006
2018-02-12,11.363399999999999,35.0952,23.7318
2018-02-22,21.2753,43.34439999999999,22.0691
2018-02-23,13.2247,29.5739,16.3492
2018-02-26,15.9053,40.0996,24.1943
2018-02-27,-5.7984,27.114,32.9124
2018-02-28,6.845,25.9577,19.1127
2018-03-01,12.2676,27.797199999999997,15.5296
2018-03-02,7.834099999999999,22.8594,15.0253
2018-03-05,9.2262,29.0117,19.7855
2018-03-06,19.4614,38.6378,19.1764
2018-03-07,3.7277,25.3109,21.5832
2018-03-08,22.1565,41.3643,19.2078
2018-03-09,15.8348,35.0955,19.2607
2018-03-12,13.3505,39.729099999999995,26.378600000000002
2018-03-13,-0.8931,27.0993,27.992399999999996
2018-03-14,7.5656,31.1627,23.5971
2018-03-15,14.445,33.556,19.111
2018-03-16,10.3211,30.0093,19.6882
2018-03-19,4.5214,28.2324,23.711
2018-03-20,3.0206,32.2696,29.249000000000002
2018-03-21,0.0633,35.1686,35.1053
2018-03-22,15.0901,41.3559,26.2658
2018-03-23,3.7714,51.39020000000001,47.6188
2018-03-26,2.4435,37.864000000000004,35.420500000000004
2018-03-27,13.4705,39.4388,25.9683
2018-03-28,-1.1595,30.7124,31.8719
2018-03-29,10.3128,36.5826,26.2698
2018-04-09,6.13849999999999,43.3865,37.248000000000005
2018-04-10,23.7871,52.5691,28.781999999999996
2018-04-11,18.5281,44.823,26.2949
2018-04-12,5.0974,27.122,22.0246
2018-04-13,0.38939999999999997,18.9494,18.56
2018-04-16,-3.9989,21.4871,25.486
2018-04-17,-3.1244,21.003800000000002,24.128200000000003
2018-04-18,-1.1113,24.935,26.046300000000002
2018-04-19,9.4059,27.2668,17.8609
2018-04-20,-3.8298,17.967200000000002,21.796999999999997
2018-04-23,-5.2999,15.0987,20.3986
2018-04-24,7.008500000000001,26.378600000000002,19.3701
2018-04-25,-1.8872,22.9241,24.811300000000003
2018-05-02,2.9594,26.264699999999998,23.305300000000003
2018-05-03,9.0412,23.0114,13.9702
2018-05-04,0.9004000000000001,18.849800000000002,17.9494
2018-05-07,3.5482,23.171999999999997,19.623800000000003
2018-05-08,12.7315,32.3041,19.5726
2018-05-09,6.3629,22.139200000000002,15.7763
2018-05-10,3.0286,23.6446,20.616
2018-05-11,1.0295,22.2673,21.237800000000004
2018-05-14,5.4496,27.358800000000002,21.909200000000002
2018-05-15,-0.7181000000000001,24.2914,25.0095
2018-05-16,12.7785,33.8493,21.0708
2018-05-17,0.2964,22.273699999999998,21.9773
2018-05-18,4.5474,24.792199999999998,20.2448
2018-05-21,5.9176,30.1032,24.1856
2018-05-23,-3.8369999999999997,27.839299999999998,31.6763
2018-05-24,0.3332,22.146900000000002,21.813699999999997
2018-05-25,-3.0048000000000004,20.4502,23.455
2018-05-28,2.9035,29.558000000000003,26.6545
2018-05-29,-6.6217999999999995,25.796799999999998,32.4186
2018-05-30,1.6068,21.0652,19.458399999999997
2018-05-31,2.3893,32.6143,30.225
2018-06-01,-2.2021,17.566300000000002,19.7684
2018-06-04,-1.1217,23.7605,24.882199999999997
2018-06-05,7.9962,27.999200000000002,20.003
2018-06-06,8.126100000000001,30.3843,22.258200000000002
2018-06-07,-1.5396,24.022,25.5616
2018-06-08,-6.2377,16.8132,23.050900000000002
2018-06-11,-1.2524,22.8656,24.118000000000002
2018-06-12,14.9058,32.7393,17.8335
2018-06-13,3.9757,30.6388,26.6631
2018-06-14,0.0097,22.6338,22.6241
2018-06-15,4.8988,24.5702,19.671400000000002
2018-06-19,-10.6926,34.6627,45.3553
2018-06-20,4.1003,21.791,17.6907
2018-06-21,3.6174,23.5194,19.902
2018-06-22,4.3077,18.6227,14.315
2018-06-25,8.3254,29.3922,21.066799999999997
2018-06-26,-5.8877,24.2561,30.143800000000002
2018-06-27,-4.0323,23.0168,27.0491
2018-06-28,-4.0371,21.101,25.138099999999998
2018-06-29,18.6985,36.6149,17.9164
2018-07-03,-3.0745999999999998,27.435,30.5096
2018-07-04,-0.878,17.1842,18.0622
2018-07-05,-20.3303,16.9141,37.2444
2018-07-06,2.7517,17.9865,15.2348
2018-07-09,6.847,21.9126,15.0656
2018-07-10,7.785299999999999,19.7739,11.988599999999998
2018-07-11,4.6095,15.1005,10.491
2018-07-12,16.3826,34.729299999999995,18.346700000000002
2018-07-13,6.375900000000001,18.143,11.767100000000001
2018-07-16,-2.1412,15.243,17.3842
2018-07-17,-0.1427,16.5313,16.674
2018-07-18,0.46880000000000005,18.7686,18.2998
2018-07-19,0.050199999999999995,18.226300000000002,18.176099999999998
2018-07-20,16.7056,34.3296,17.624000000000002
2018-07-23,10.2893,28.192899999999998,17.903599999999997
2018-07-24,22.4393,47.3491,24.9098
2018-07-25,1.2544,17.0819,15.8275
2018-07-26,-6.5291999999999994,14.9894,21.518600000000003
2018-07-27,1.4165,13.728399999999999,12.311900000000001
2018-07-30,4.0502,18.517,14.466800000000001
2018-07-31,-2.8051999999999997,17.621199999999998,20.4264
2018-08-01,-7.5046,16.2665,23.7711
2018-08-02,-7.784299999999999,19.1472,26.9315
2018-08-03,-2.4531,15.808800000000002,18.2619
2018-08-06,-12.4251,12.0682,24.493299999999998
2018-08-07,-1.5787,20.3596,21.938299999999998
2018-08-08,-5.12,12.4174,17.5374
2018-08-09,5.357200000000001,25.1345,19.7773
2018-08-10,-1.0544,20.8617,21.9161
2018-08-13,-2.9945999999999997,21.4751,24.4697
2018-08-14,-12.950899999999999,21.4721,34.423
2018-08-15,-10.0924,20.648699999999998,30.741100000000003
2018-08-16,-15.6948,18.0212,33.716
2018-08-17,-3.3925,17.5079,20.9004
2018-08-20,1.4657,18.6292,17.1635
2018-08-21,3.4196,22.152800000000003,18.7332
2018-08-22,-0.6059,16.8704,17.476300000000002
2018-08-23,-0.6981999999999999,13.3167,14.0149
2018-08-24,0.419,13.008299999999998,12.589300000000001
2018-08-27,5.579199999999999,28.6297,23.050500000000003
2018-08-28,-2.5131,20.6125,23.1256
2018-08-29,-0.1693,16.4666,16.6359
2018-08-30,1.7177,17.6094,15.8917
2018-08-31,1.138,18.251099999999997,17.1131
2018-09-03,-0.6375,13.5823,14.2198
2018-09-04,1.3583,11.4132,10.0549
2018-09-05,0.9209,13.038800000000002,12.117899999999999
2018-09-06,0.5711999999999999,15.7159,15.1447
2018-09-07,1.9294,14.6625,12.7331
2018-09-10,0.42560000000000003,14.0227,13.597100000000001
2018-09-11,-1.4911,13.6668,15.1579
2018-09-12,-0.37079999999999996,15.681500000000002,16.0523
2018-09-13,-2.5989,16.623,19.2219
2018-09-14,1.7033,14.847999999999999,13.1447
2018-09-17,-1.1222,7.3092999999999995,8.4315
2018-09-18,3.2324,13.9679,10.7355
2018-09-19,4.6021,21.4053,16.8032
2018-09-26,13.386500000000002,35.8115,22.425
2018-10-08,11.892999999999999,28.9829,17.0899
2018-10-09,5.5028999999999995,17.5226,12.0197
2018-10-10,2.1585,13.740599999999999,11.5821
2018-10-11,-1.9577,24.604899999999997,26.562600000000003
2018-10-12,0.2515,18.779700000000002,18.5282
2018-10-15,-0.09449999999999999,11.5128,11.6073
2018-10-16,-6.1267,8.563099999999999,14.6898
2018-10-18,-3.6963999999999997,10.4656,14.162
2018-10-19,-0.532,15.7472,16.2792
2018-10-22,11.7127,31.547600000000003,19.8349
2018-10-23,-2.2845,13.0854,15.3699
2018-10-24,-5.0923,11.6962,16.7885
2018-10-25,-1.0839,16.856099999999998,17.94
2018-10-26,1.4155000000000002,14.4231,13.0076
2018-10-29,-6.431900000000001,12.304300000000001,18.7362
2018-10-30,-0.3762,13.9344,14.310599999999999
2018-10-31,-2.7074000000000003,12.579,15.2864
2018-11-01,6.402,27.8885,21.4865
2018-11-02,-4.3019,31.277600000000003,35.579499999999996
2018-11-05,-0.0155,12.996500000000001,13.012
2018-11-06,-0.6332,10.4484,11.081600000000002
2018-11-07,2.4644,17.6209,15.156500000000001
2018-11-08,0.0086,13.5229,13.5143
2018-11-09,-9.9707,10.523499999999999,20.4942
2018-11-12,0.40880000000000005,10.2587,9.8499
2018-11-13,1.0743,13.9277,12.853399999999999
2018-11-14,2.2048,14.033499999999998,11.8287
2018-11-15,0.5256000000000001,16.974,16.4484
2018-11-16,-1.4112,20.136,21.547199999999997
2018-11-19,-0.95,16.3263,17.276300000000003
2018-11-20,0.8878,14.9329,14.0451
2018-11-21,2.0646,14.1143,12.0497
2018-11-22,2.7644,12.694700000000001,9.930299999999999
2018-11-23,-1.8588,8.9652,10.824000000000002
2018-11-26,-0.8416,11.2435,12.0851
2018-11-27,-0.9470999999999999,9.2176,10.1647
2018-11-28,-0.31829999999999997,11.218699999999998,11.537
2018-11-29,-1.5922999999999998,12.669400000000001,14.261700000000001
2018-11-30,2.8234,14.271099999999999,11.4477
2018-12-03,-8.2723,20.8341,29.106399999999997
2018-12-04,-6.8393,11.7665,18.6058
2018-12-05,-0.0408,14.6779,14.718699999999998
2018-12-06,2.4367,18.6933,16.256600000000002
2018-12-07,4.8533,14.367799999999999,9.5145
2018-12-10,1.9924000000000002,14.661700000000002,12.6693
2018-12-11,4.5339,12.151800000000001,7.6179
2018-12-12,6.553999999999999,16.262999999999998,9.709
2018-12-13,6.007999999999999,19.411099999999998,13.4031
2018-12-14,0.8598,14.863499999999998,14.003699999999998
2018-12-17,0.8779,11.2414,10.363499999999998
2018-12-18,-0.7831999999999999,11.8455,12.628699999999998
2018-12-19,-1.2558,10.9157,12.171500000000002
2018-12-20,0.247,12.5243,12.2773
2018-12-21,2.1332,17.6858,15.5526
2018-12-24,3.7781000000000002,10.056000000000001,6.2779
2019-01-02,-7.3241,12.5084,19.8325
2019-01-03,-6.1304,11.868900000000002,17.9993
2019-01-04,-1.0182,14.529100000000001,15.5473
2019-01-07,-2.4681,15.7282,18.1963
2019-01-08,4.430899999999999,15.764800000000001,11.333900000000002
2019-01-09,-0.424,20.2799,20.703899999999997
2019-01-10,-4.8683,13.015699999999999,17.884
2019-01-11,-1.0745,14.3841,15.458599999999999
2019-01-14,-0.9675,11.4186,12.386099999999999
2019-01-15,6.752000000000001,18.5172,11.7652
2019-01-16,5.168200000000001,15.7942,10.626
2019-01-17,3.5845,18.048099999999998,14.4636
2019-01-18,3.7476,21.453000000000003,17.7054
2019-01-21,-1.0918,19.1682,20.26
2019-01-22,-3.9082999999999997,11.2279,15.136199999999999
2019-01-23,2.1245,15.4483,13.3238
2019-01-24,2.7089999999999996,13.595799999999999,10.886800000000001
2019-01-25,-0.1166,16.6846,16.801199999999998
2019-01-28,1.3388999999999998,16.9504,15.611500000000001
2019-01-29,0.0616,14.6699,14.6083
2019-01-30,2.1249000000000002,16.3583,14.2334
2019-02-11,0.9828,23.951999999999998,22.9692
2019-02-12,6.2413,23.2104,16.9691
2019-02-13,6.8285,30.149099999999997,23.3206
2019-02-14,3.1258,18.9956,15.8698
2019-02-15,-1.8571,18.3995,20.256600000000002
2019-02-18,6.4887,26.0821,19.5934
2019-02-19,4.0209,26.3882,22.3673
2019-02-20,3.7299,26.6784,22.9485
2019-02-21,7.8146,30.901999999999997,23.0874
2019-02-22,1.9977,25.95,23.9523
2019-02-25,15.6151,66.9258,51.3107
2019-02-26,-4.1857999999999995,31.718600000000002,35.9044
2019-02-27,-3.1242,28.270799999999998,31.395
2019-02-28,-0.0904,20.7519,20.8423
2019-03-01,4.7149,29.1145,24.3996
2019-03-04,5.1468,41.8941,36.7473
2019-03-05,10.150599999999999,31.048099999999998,20.8975
2019-03-06,3.0185000000000004,33.9824,30.9639
2019-03-07,-10.3828,22.7445,33.1273
2019-03-08,-13.3564,22.3458,35.7022
2019-03-11,5.0374,23.6862,18.6488
2019-03-12,6.985499999999999,26.9941,20.008599999999998
2019-03-13,3.4736000000000002,21.530900000000003,18.0573
2019-03-14,-0.8005,16.2475,17.048
2019-03-15,4.5398000000000005,23.778299999999998,19.2385
2019-03-18,5.168099999999999,31.3875,26.2194
2019-03-19,3.8362,22.0683,18.2321
2019-03-20,4.6907,25.9294,21.238699999999998
2019-03-21,5.4327,26.1606,20.727899999999998
2019-03-22,-1.9357,21.191300000000002,23.127
2019-03-25,5.6365,27.293499999999998,21.656999999999996
2019-03-26,0.971,19.4129,18.4419
2019-03-27,6.8083,22.8255,16.0172
2019-03-28,-0.09949999999999999,19.7778,19.8773
2019-03-29,11.191600000000001,36.5584,25.366799999999998
2019-04-01,12.5299,38.6762,26.1463
2019-04-02,8.8722,28.316100000000002,19.4439
2019-04-03,7.1835,30.7669,23.5834
2019-04-04,10.1713,32.6748,22.5035
2019-04-08,1.0446,32.530100000000004,31.485500000000002
2019-04-09,4.6442000000000005,26.992399999999996,22.348200000000002
2019-04-10,6.8662,27.8501,20.9839
2019-04-11,1.2974,23.430100000000003,22.1327
2019-04-12,1.9827000000000001,19.689,17.706300000000002
2019-04-15,0.6303,25.3717,24.7414
2019-04-16,4.1939,23.351999999999997,19.1581
2019-04-17,7.756,28.2625,20.506500000000003
2019-04-18,-0.7422,20.2675,21.0097
2019-04-23,-4.3657,27.8417,32.2074
2019-04-24,-0.6784,16.286199999999997,16.9646
2019-04-25,0.0007000000000000001,21.0504,21.049699999999998
2019-04-26,-2.6477,16.7739,19.4216
2019-05-06,-14.287,32.0388,46.3258
2019-05-07,0.3889,22.1156,21.7267
2019-05-08,5.362100000000001,28.4208,23.058699999999998
2019-05-09,-2.911,19.9979,22.9089
2019-05-10,12.9488,31.887600000000003,18.9388
2019-05-14,15.346400000000001,32.7267,17.3803
2019-05-15,7.6462,18.735,11.0888
2019-05-16,5.662100000000001,18.7253,13.0632
2019-05-17,3.3519,19.6664,16.3145
2019-05-20,2.1337,20.8733,18.7396
2019-05-21,7.9308000000000005,18.2678,10.337
2019-05-22,3.0983,12.3473,9.249
2019-05-23,-4.4747,15.960799999999999,20.4355
2019-05-24,-1.0288,11.549900000000001,12.5787
2019-05-27,3.9099,13.5034,9.5935
2019-05-28,6.822,17.293499999999998,10.4715
2019-05-29,7.433,16.248900000000003,8.815900000000001
2019-05-30,1.6754,11.6981,10.0227
2019-05-31,2.8329000000000004,14.9741,12.1412
2019-06-03,3.1462,14.8894,11.7432
2019-06-04,3.0882,13.985899999999999,10.8977
2019-06-05,3.9427,15.404200000000001,11.461500000000001
2019-06-06,-0.20149999999999998,10.6612,10.8627
2019-06-10,7.0369,22.4389,15.402000000000001
2019-06-11,10.3856,25.5339,15.148299999999999
2019-06-12,9.1214,17.865099999999998,8.7437
2019-06-13,8.909500000000001,17.9158,9.0063
2019-06-14,5.3438,12.9108,7.567
2019-06-17,5.551,14.625399999999999,9.0744
2019-06-18,8.322899999999999,16.4586,8.1357
2019-06-19,1.8647,17.4172,15.5525
2019-06-20,5.5523,21.4276,15.8753
2019-06-21,7.0136,19.7679,12.7543
2019-06-24,7.9238,21.24,13.316199999999998
2019-06-25,4.9403,19.8325,14.8922
2019-06-26,4.1739999999999995,12.343699999999998,8.1697
2019-06-27,5.3328999999999995,16.8406,11.5077
2019-06-28,2.1806,13.753599999999999,11.573
2019-07-02,6.3157000000000005,28.0297,21.714000000000002
2019-07-03,1.8289,20.0841,18.2552
2019-07-04,-1.0488,18.6047,19.653499999999998
2019-07-05,0.7431,16.3112,15.5681
2019-07-08,4.0039,21.3092,17.3053
2019-07-09,4.9109,17.6625,12.751600000000002
2019-07-10,4.825,15.8469,11.0219
2019-07-11,3.7681,15.629000000000001,11.860899999999999
2019-07-12,8.498899999999999,17.792,9.293099999999999
2019-07-15,4.9238,15.916099999999998,10.9923
2019-07-16,3.8926999999999996,13.7963,9.9036
2019-07-17,4.9463,17.1621,12.2158
2019-07-18,1.7201,14.9081,13.187999999999999
2019-07-19,3.0976999999999997,14.2369,11.1392
2019-07-22,2.6921,15.5471,12.855
2019-07-23,3.0704000000000002,14.3718,11.301400000000001
2019-07-24,4.8564,16.9695,12.1131
2019-07-25,3.1443,15.183499999999999,12.039200000000001
2019-07-26,6.6108,15.5091,8.8983
2019-07-29,4.9591,17.4825,12.523399999999999
2019-07-30,5.7172,15.615699999999999,9.8985
2019-07-31,2.0649,11.6068,9.5419
2019-08-01,2.9244,15.6806,12.7562
2019-08-02,13.6422,31.105900000000002,17.4637
2019-08-05,13.921700000000001,28.046599999999998,14.1249
2019-08-06,7.1572000000000005,28.285300000000003,21.1281
2019-08-07,5.9986,15.936,9.9374
2019-08-08,8.5437,18.1707,9.627
2019-08-09,4.5425,17.4854,12.9429
2019-08-12,6.664199999999999,14.6558,7.9916
2019-08-13,8.4916,17.9753,9.4837
2019-08-14,7.3462,19.2092,11.863
2019-08-15,9.103200000000001,23.3997,14.296500000000002
2019-08-16,15.5483,27.2936,11.7453
2019-08-19,12.2705,25.7398,13.4693
2019-08-20,8.3385,22.2621,13.923599999999999
2019-08-21,7.0302999999999995,23.266399999999997,16.2361
2019-08-22,2.9497000000000004,18.6103,15.660599999999999
2019-08-23,7.614,24.587699999999998,16.973699999999997
2019-08-26,11.8838,31.663899999999998,19.7801
2019-08-27,5.098,24.120900000000002,19.0229
2019-08-28,2.3032,20.7306,18.4274
2019-08-29,0.4732,19.143,18.6698
2019-08-30,0.5359,19.4118,18.875899999999998
2019-09-02,3.1017,18.8244,15.7227
2019-09-03,1.5903999999999998,17.1275,15.5371
2019-09-04,7.8601,29.526300000000003,21.6662
2019-09-05,7.1792,29.1571,21.977899999999998
2019-09-06,0.37079999999999996,20.723699999999997,20.352899999999998
2019-09-09,6.3202,32.4417,26.1215
2019-09-10,0.5623,24.1387,23.5764
2019-09-16,-1.9073,29.585500000000003,31.492800000000003
2019-09-17,-3.6782,17.786099999999998,21.464299999999998
2019-09-18,1.2014,17.471,16.2696
2019-09-19,0.9442,19.8441,18.8999
2019-09-20,3.0701,20.2347,17.1646
2019-09-23,-0.7851,21.1384,21.9235
2019-09-24,0.6273,20.737,20.1097
2019-09-25,2.7898,17.9833,15.193499999999998
2019-09-26,5.025,21.418699999999998,16.3937
2019-10-08,0.47090000000000004,21.8073,21.336399999999998
2019-10-09,4.4193,17.3919,12.9726
2019-10-10,4.1079,17.768,13.6601
2019-10-11,4.7092,23.4646,18.755399999999998
2019-10-14,11.1074,30.9819,19.8745
2019-10-15,2.0322,16.8216,14.7894
2019-10-16,5.9558,21.777199999999997,15.8214
2019-10-17,6.8587,22.440900000000003,15.5822
2019-10-18,0.1392,18.296,18.1568
2019-10-21,-2.2171000000000003,16.797,19.0141
2019-10-22,2.8861000000000003,16.166700000000002,13.2806
2019-10-23,3.653,14.4328,10.7798
2019-10-24,1.9084999999999999,14.3033,12.3948
2019-10-25,2.4603,17.217200000000002,14.7569
2019-10-28,10.4132,31.906100000000002,21.4929
2019-10-29,8.751100000000001,25.9065,17.1554
2019-10-30,0.4506,21.1954,20.7448
2019-10-31,4.3446,24.529899999999998,20.185299999999998
2019-11-01,2.7919,20.3182,17.526300000000003
2019-11-04,5.0455000000000005,27.5293,22.483800000000002
2019-11-05,7.629099999999999,28.366100000000003,20.737
2019-11-06,-0.7181000000000001,20.2182,20.936300000000003
2019-11-07,3.1648,23.4827,20.317899999999998
2019-11-08,4.3279000000000005,24.804299999999998,20.4764
2019-11-11,4.129,26.2317,22.1027
2019-11-12,1.6351,19.944200000000002,18.3091
2019-11-13,12.239600000000001,26.008200000000002,13.7686
2019-11-14,8.6337,22.8358,14.2021
2019-11-15,7.8387,20.674,12.8353
2019-11-18,9.031699999999999,26.0031,16.971400000000003
2019-11-19,14.9738,31.734899999999996,16.7611
2019-11-20,4.1236,19.8276,15.704
2019-11-21,6.2860000000000005,21.122600000000002,14.8366
2019-11-22,6.7137,24.572,17.8583
2019-11-25,4.3983,24.278200000000002,19.8799
2019-11-26,4.8865,17.3201,12.433599999999998
2019-11-27,5.532100000000001,23.020500000000002,17.4884
2019-11-28,5.335800000000001,24.5896,19.253800000000002
2019-11-29,7.532,28.4828,20.9508
2019-12-02,4.8044,23.9104,19.105999999999998
2019-12-03,5.9824,19.676099999999998,13.6937
2019-12-04,5.1595,22.296599999999998,17.1371
2019-12-05,9.3583,25.3198,15.961500000000001
2019-12-06,7.29,24.300500000000003,17.0105
2019-12-09,5.1433,24.612199999999998,19.4689
2019-12-10,7.6707,27.7735,20.1028
2019-12-11,9.2431,27.7113,18.4682
2019-12-12,8.3096,27.2795,18.9699
2019-12-13,23.1992,46.7545,23.555300000000003
2019-12-16,26.6765,48.3797,21.703200000000002
2019-12-17,17.8951,46.0224,28.1273
2019-12-18,3.8562,26.6422,22.785999999999998
2019-12-19,-1.0473999999999999,21.9294,22.976799999999997
2019-12-20,5.0901,25.2925,20.2024
2019-12-23,2.457,25.0179,22.5609
2019-12-24,5.2329,17.5212,12.2883
2019-12-27,14.5583,45.4398,30.881500000000003
2019-12-30,11.683699999999998,37.895,26.2113
2019-12-31,8.5989,26.270599999999998,17.6717
2020-01-02,15.0647,43.533,28.4683
2020-01-03,9.0518,34.7798,25.728
2020-01-06,7.043099999999999,37.3775,30.334400000000002
2020-01-07,8.9148,32.4876,23.5728
2020-01-08,5.083600000000001,32.992399999999996,27.9088
2020-01-09,7.5889999999999995,28.955,21.366
2020-01-10,15.0968,39.5599,24.4631
2020-01-13,13.201099999999999,39.8124,26.6113
2020-01-14,13.001700000000001,41.9613,28.959600000000002
2020-01-15,11.9698,36.6209,24.6511
2020-01-16,9.3038,39.424499999999995,30.120700000000003
2020-01-17,12.6412,42.1927,29.5515
2020-01-20,10.4467,44.3337,33.887
2020-01-21,6.9993,54.1791,47.17979999999999
2020-02-03,-0.7609999999999999,63.383599999999994,64.1446
2020-02-04,-8.886000000000001,47.4779,56.3639
2020-02-05,19.2195,56.2487,37.0292
2020-02-06,12.3454,46.1152,33.769800000000004
2020-02-07,8.14,42.4903,34.350300000000004
2020-02-10,18.2933,55.1597,36.8664
2020-02-11,12.201099999999999,43.398999999999994,31.1979
2020-02-12,20.4998,45.508100000000006,25.0083
2020-02-13,7.027,40.2744,33.2474
2020-02-14,9.474,41.6941,32.2201
2020-02-17,9.8788,47.3707,37.4919
2020-02-18,7.863200000000001,45.038000000000004,37.1748
2020-02-19,-1.0687,31.090300000000003,32.159
2020-02-20,0.6942,37.2542,36.56
2020-02-21,-3.009,36.2832,39.2922
2020-02-24,5.3033,46.739,41.4357
2020-02-25,6.373200000000001,50.8634,44.4902
2020-02-26,4.2735,38.560100000000006,34.2866
2020-02-27,8.2661,37.4471,29.180999999999997
2020-02-28,10.457799999999999,49.390600000000006,38.9328
2020-03-02,19.9256,54.742200000000004,34.8166
2020-03-03,4.7283,44.8529,40.1246
2020-03-04,0.5693,32.5104,31.941100000000002
2020-03-05,25.860799999999998,61.6796,35.8188
2020-03-06,6.8152,34.3031,27.4879
2020-03-09,19.9038,70.5531,50.649300000000004
2020-03-10,34.6366,69.8152,35.1786
2020-03-11,16.4019,47.436499999999995,31.0346
2020-03-12,35.6679,70.2852,34.6173
2020-03-13,58.3533,102.0038,43.6505
2020-03-16,15.3509,70.6712,55.320299999999996
2020-03-17,24.9206,67.5531,42.6325
2020-03-18,17.5147,69.5093,51.9946
2020-03-19,50.797700000000006,113.3547,62.556999999999995
2020-03-20,17.0056,68.3667,51.36109999999999
2020-03-23,18.305799999999998,58.0531,39.7473
2020-03-24,17.026600000000002,58.8905,41.8639
2020-03-25,13.5831,64.7501,51.167
2020-03-26,4.6177,43.449,38.8313
2020-03-27,4.2904,49.1187,44.8283
2020-03-30,8.891399999999999,42.663900000000005,33.7725
2020-03-31,10.9903,45.074,34.0837
2020-04-01,6.1637,57.578,51.414300000000004
2020-04-07,-0.21,58.564499999999995,58.774499999999996
2020-04-08,6.489,40.4085,33.9195
2020-04-09,3.3503,38.8568,35.5065
2020-04-14,5.5444,50.5897,45.0453
2020-04-15,-0.58980000000001,43.8624,44.452200000000005
2020-04-16,2.3226,37.4114,35.0888
2020-04-17,12.1375,47.442299999999996,35.3048
2020-04-20,10.6833,37.042699999999996,26.3594
2020-04-21,7.2496,39.9506,32.701
2020-04-22,14.214400000000001,40.583400000000005,26.369
2020-04-23,10.0442,36.4865,26.4423
2020-04-24,2.0025999999999997,34.0259,32.0233
2020-04-27,7.8097,40.5163,32.7066
2020-05-06,18.5248,65.77720000000001,47.252399999999994
2020-05-07,14.6066,43.0683,28.4617
2020-05-08,18.3723,51.898,33.5257
2020-05-11,6.596,44.1575,37.5615
2020-05-12,10.7514,38.275999999999996,27.5246
2020-05-13,19.1581,46.8656,27.7075
2020-05-14,16.0479,57.5367,41.4888
2020-05-15,12.0617,44.8932,32.8315
2020-05-18,7.7895,56.5753,48.7858
2020-05-19,8.0734,47.3772,39.3038
2020-05-20,6.5813999999999995,45.6013,39.0199
2020-05-21,-10.633,44.5928,55.2258
2020-05-22,11.248800000000001,66.1275,54.8787
2020-05-25,12.062100000000001,45.9864,33.924299999999995
2020-05-26,22.9637,54.742200000000004,31.778499999999998
2020-05-27,8.444600000000001,40.1289,31.684299999999997
2020-05-28,-2.56429999999999,40.825500000000005,43.389799999999994
2020-05-29,10.383199999999999,37.5006,27.117399999999996
2020-06-01,17.9573,57.1466,39.189299999999996
2020-06-02,2.8442000000000003,39.035,36.190799999999996
2020-06-03,13.5014,54.766999999999996,41.265600000000006
2020-06-04,9.496,50.186499999999995,40.6905
2020-06-05,4.7806,43.2695,38.4889
2020-06-08,8.7689,52.7989,44.03
2020-06-09,8.4124,47.9125,39.5001
2020-06-10,12.7054,45.3693,32.6639
2020-06-11,6.5746,46.8063,40.231700000000004
2020-06-12,10.21,44.205299999999994,33.9953
2020-06-15,17.1945,49.4547,32.2602
2020-06-16,8.0527,49.243199999999995,41.1905
2020-06-17,11.5551,49.8144,38.259299999999996
2020-06-18,10.373800000000001,57.8107,47.436899999999994
2020-06-19,14.6528,54.665600000000005,40.0128
2020-06-22,8.647,69.1078,60.4608
2020-06-29,8.50570000000001,80.8651,72.3594
2020-06-30,36.9564,87.3492,50.392799999999994
2020-07-02,34.4744,106.36540000000001,71.891
2020-07-03,12.7182,98.9823,86.2641
2020-07-06,32.7877,157.4905,124.70280000000001
2020-07-07,18.5623,145.4218,126.85950000000001
2020-07-08,31.0623,115.4907,84.4284
2020-07-09,34.320100000000004,123.9797,89.6596
2020-07-10,15.911,94.2992,78.3882
2020-07-13,40.5978,127.78299999999999,87.18520000000001
2020-07-14,29.1652,100.78110000000001,71.6159
2020-07-15,14.465,93.4278,78.9628
2020-07-16,19.021,121.93629999999999,102.9153
2020-07-17,13.5668,64.0615,50.4947
2020-07-20,17.604300000000002,88.07790000000001,70.47359999999999
2020-07-21,26.793200000000002,84.82870000000001,58.0355
2020-07-22,27.247,91.8616,64.6146
2020-07-23,19.5886,85.979,66.3904
2020-07-24,28.4433,92.48559999999999,64.0423
2020-07-27,24.0249,85.1876,61.1627
2020-07-28,16.5224,64.5591,48.0367
2020-07-29,16.9631,63.3156,46.3525
2020-07-30,29.750999999999998,77.3737,47.6227
2020-07-31,18.0411,69.5401,51.498999999999995
2020-08-03,18.534000000000002,86.3714,67.8374
2020-08-04,28.5805,83.72540000000001,55.1449
2020-08-05,8.66769999999999,67.119,58.4513
2020-08-06,17.235699999999998,73.4821,56.2464
2020-08-07,17.053800000000003,88.7273,71.6735
2020-08-10,29.6941,86.90889999999999,57.2148
2020-08-11,5.334099999999999,67.5873,62.2532
2020-08-12,-0.0158,71.8954,71.9112
2020-08-13,2.6364,51.7551,49.1187
2020-08-14,20.436600000000002,53.7601,33.323499999999996
2020-08-17,16.6297,70.7886,54.1589
2020-08-18,2.7352999999999996,63.0816,60.3463
2020-08-19,-0.38409999999999994,42.1946,42.5787
2020-08-20,4.6884,47.9749,43.2865
2020-08-21,14.6076,56.2029,41.595299999999995
2020-08-24,12.9663,69.6971,56.7308
2020-08-25,11.4011,65.3657,53.9646
2020-08-26,4.9054,59.7301,54.8247
2020-08-27,23.8653,82.1965,58.331199999999995
2020-08-28,25.3913,78.78649999999999,53.3952
2020-08-31,26.604,84.3268,57.7228
2020-09-01,23.3667,73.7279,50.3612
2020-09-02,29.152399999999997,84.2943,55.14189999999999
2020-09-03,14.706600000000002,65.02159999999999,50.315
2020-09-04,28.2744,73.3074,45.033
2020-09-07,35.4763,97.5758,62.0995
2020-09-08,9.36799999999999,64.709,55.341
2020-09-09,9.2054,51.3326,42.1272
2020-09-10,8.207,44.2996,36.092600000000004
2020-09-11,18.0543,50.4654,32.411100000000005
2020-09-14,19.4225,55.1396,35.7171
2020-09-15,15.766300000000001,53.6993,37.933
2020-09-16,11.7643,53.0044,41.240100000000005
2020-09-17,7.9284,48.0584,40.13
2020-09-18,15.8216,51.1038,35.282199999999996
2020-09-21,8.9629,47.1066,38.143699999999995
2020-09-22,6.5815,46.0497,39.4682
2020-09-23,11.2808,37.9098,26.629
2020-09-24,4.8036,43.819399999999995,39.0158
2020-09-25,6.7592,44.1193,37.3601
2020-09-28,22.550300000000004,60.7237,38.1734
2020-10-09,14.519,78.4238,63.904799999999994
2020-10-12,36.5054,93.0844,56.57899999999999
2020-10-14,36.3982,95.82889999999999,59.430699999999995
2020-10-15,12.417300000000001,64.1634,51.7461
2020-10-16,17.851,56.8558,39.0048
2020-10-19,9.54969999999999,59.7499,50.2002
2020-10-20,7.3239,44.008599999999994,36.6847
2020-10-21,16.2174,52.7741,36.5567
2020-10-22,13.9206,48.9609,35.0403
2020-10-23,10.6077,49.5453,38.9376
2020-10-27,25.4705,80.5026,55.0321
2020-10-28,21.6543,71.9535,50.2992
2020-10-29,42.372,97.5131,55.141099999999994
2020-10-30,18.9071,82.598,63.6909
2020-11-02,18.4126,69.97890000000001,51.5663
2020-11-03,17.9142,69.93180000000001,52.0176
2020-11-04,25.42,76.79270000000001,51.3727
2020-11-05,3.4626,88.9469,85.4843
2020-11-06,-3.3647000000000005,71.1612,74.52590000000001
2020-11-09,17.8973,100.6858,82.7885
2020-11-10,1.5667,107.67370000000001,106.10700000000001
2020-11-11,58.95,156.8187,97.8687
2020-11-12,13.5317,78.7396,65.2079
2020-11-13,19.2014,78.9781,59.7767
2020-11-16,13.371300000000002,77.2877,63.9164
2020-11-17,0.7886,62.1399,61.3513
2020-11-18,10.0949,61.1699,51.075
2020-11-19,4.1792,55.663000000000004,51.4838
2020-11-20,30.225,75.6986,45.4736
2020-11-23,30.609499999999997,99.51870000000001,68.9092
2020-11-24,9.598700000000001,67.24380000000001,57.6451
2020-11-25,-6.65530000000001,82.0866,88.7419
2020-11-26,-6.614299999999999,55.606700000000004,62.221000000000004
2020-11-27,15.726099999999999,65.2433,49.5172
2020-11-30,26.4499,97.73469999999999,71.28479999999999
2020-12-01,22.592,83.6319,61.039899999999996
2020-12-02,15.7826,85.35860000000001,69.57600000000001
2020-12-03,19.0527,74.7299,55.6772
2020-12-04,31.6966,80.9919,49.2953
2020-12-07,8.22030000000001,65.8918,57.671499999999995
2020-12-08,20.3356,68.3149,47.9793
2020-12-09,7.374199999999999,62.603,55.2288
2020-12-10,12.6121,55.9116,43.299499999999995
2020-12-11,7.6238,56.5613,48.9375
2020-12-14,11.445,74.3738,62.9288
2020-12-15,3.59440000000001,63.0317,59.43729999999999
2020-12-16,8.3578,68.78569999999999,60.4279
2020-12-17,7.313,65.5745,58.2615
2020-12-18,8.579299999999991,66.9703,58.391000000000005
2020-12-21,29.1825,97.4491,68.2666
2020-12-22,5.9077,74.7847,68.877
2020-12-23,35.4046,99.38159999999999,63.977
2020-12-24,16.497799999999998,59.5762,43.0784
2020-12-28,50.045100000000005,146.6422,96.5971
2020-12-29,62.2085,120.6786,58.4701
2020-12-30,48.155100000000004,122.5732,74.41810000000001
2020-12-31,37.0381,93.84209999999999,56.803999999999995
2021-01-04,65.1599,167.4823,102.3224
2021-01-05,43.2475,146.4247,103.1772
2021-01-06,65.79,175.01330000000002,109.2233
2021-01-07,82.3967,180.5135,98.1168
2021-01-08,63.6659,167.46790000000001,103.802
2021-01-11,89.17030000000001,203.30790000000002,114.1376
2021-01-12,70.4667,167.9305,97.46379999999999
2021-01-13,57.77270000000001,164.7784,107.00569999999999
2021-01-14,51.637100000000004,155.5532,103.9161
2021-01-15,67.3844,198.8276,131.4432
2021-01-18,135.1797,255.2025,120.0228
2021-01-19,134.7138,295.7622,161.04840000000002
2021-01-20,135.006,281.66630000000004,146.6603
2021-01-21,89.3558,263.5036,174.1478
2021-01-22,59.7449,221.54919999999998,161.8043
2021-01-25,119.2272,309.9462,190.71900000000002
2021-01-26,81.8272,230.4816,148.6544
2021-01-27,150.4459,290.3954,139.9495
2021-01-28,68.3347,234.36860000000001,166.0339
2021-01-29,64.0231,201.895,137.8719
2021-02-01,85.89920000000001,218.77470000000002,132.8755
2021-02-02,109.105,224.4709,115.3659
2021-02-03,75.8647,212.53689999999997,136.6722
2021-02-04,39.2809,185.53830000000002,146.2574
2021-02-05,52.858900000000006,198.9584,146.0995
2021-02-08,68.68979999999999,185.93599999999998,117.2462
2021-02-18,115.3642,316.3072,200.94299999999998
2021-02-19,27.2836,197.3001,170.0165
2021-02-22,50.9292,247.8923,196.96310000000003
2021-02-23,52.26649999999999,217.37290000000002,165.1064
2021-02-24,-81.17479999999999,211.7929,292.9677
2021-02-25,23.0506,176.3662,153.3156
2021-02-26,-38.3484,164.77009999999999,203.11849999999998
2021-03-01,5.79969999999999,158.98239999999998,153.1827
2021-03-02,-9.3385,138.1309,147.4694
2021-03-03,10.3245,123.9492,113.62469999999999
2021-03-04,-28.743499999999997,140.9758,169.7193
2021-03-05,13.7697,152.4642,138.6945
2021-03-08,-67.7489,175.39509999999999,243.144
2021-03-09,-20.7629,168.49869999999999,189.2616
2021-03-10,-24.4938,110.34200000000001,134.8358
2021-03-11,30.4439,128.94,98.49610000000001
2021-03-12,34.3431,139.8598,105.5167
2021-03-15,-37.6464,120.2234,157.8698
2021-03-16,32.440599999999996,110.5276,78.087
2021-03-17,22.244600000000002,93.9359,71.6913
2021-03-18,31.4485,113.1418,81.6933
2021-03-19,-13.068900000000001,105.3265,118.39540000000001
2021-03-22,4.1196,84.2766,80.157
2021-03-23,-29.2277,100.387,129.6147
2021-03-24,-20.9362,99.9676,120.90379999999999
2021-03-25,-0.9208,128.6949,129.6157
2021-03-26,33.1561,118.7111,85.555
2021-03-29,18.2677,122.5476,104.2799
2021-03-30,22.086,103.5741,81.4881
2021-03-31,11.2826,95.28450000000001,84.0019
2021-04-01,35.6154,125.5688,89.9534
2021-04-07,9.83789999999999,105.3123,95.4744
2021-04-08,24.8737,110.1784,85.3047
2021-04-09,22.2012,74.405,52.2038
2021-04-12,1.27780000000001,81.85430000000001,80.5765
2021-04-13,22.2537,77.0913,54.8376
2021-04-14,18.2592,76.7172,58.458
2021-04-15,6.42969999999999,67.4999,61.07020000000001
2021-04-16,45.029799999999994,96.0456,51.0158
2021-04-19,26.875500000000002,116.87709999999998,90.0016
2021-04-20,39.4842,104.1526,64.6684
2021-04-21,19.9985,91.6311,71.6326
2021-04-22,26.4577,89.6446,63.186899999999994
2021-04-23,31.4258,100.23459999999999,68.8088
2021-04-26,7.8151,105.3023,97.48719999999999
2021-04-27,17.346500000000002,86.5201,69.1736
2021-04-28,11.4879,86.12729999999999,74.6394
2021-05-06,10.371300000000002,129.2548,118.8835
2021-05-07,-0.2173,105.69409999999999,105.9114
2021-05-10,-45.4287,105.0274,150.4561
2021-05-11,31.0381,143.4583,112.42020000000001
2021-05-12,43.0508,106.37200000000001,63.3212
2021-05-13,15.8252,75.5707,59.7455
2021-05-14,27.421599999999998,97.2192,69.7976
2021-05-17,53.1507,134.4022,81.2515
2021-05-18,34.1327,98.0223,63.8896
2021-05-20,44.3458,130.52200000000002,86.17620000000001
2021-05-21,7.029299999999999,121.8791,114.8498
2021-05-24,19.0961,95.2081,76.112
2021-05-25,48.8297,138.9623,90.1326
2021-05-26,8.612899999999991,110.6066,101.9937
2021-05-27,11.1197,112.05030000000001,100.9306
2021-05-28,-7.3065999999999995,98.1716,105.4782
2021-05-31,-1.4195999999999902,110.0361,111.4557
2021-06-01,37.728899999999996,125.19120000000001,87.4623
2021-06-02,6.2072,87.891,81.6838
2021-06-03,10.655899999999999,92.42790000000001,81.77199999999999
2021-06-04,-12.074000000000002,98.025,110.09899999999999
2021-06-07,-10.9579,91.8972,102.85510000000001
2021-06-08,-6.1387,78.5354,84.6741
2021-06-09,6.2127,82.3535,76.1408
2021-06-10,-3.46789999999999,90.4954,93.9633
2021-06-11,12.1473,83.56309999999999,71.4158
2021-06-15,5.5377,101.59290000000001,96.0552
2021-06-16,-12.1843,80.4214,92.6057
2021-06-17,12.0441,99.34379999999999,87.29969999999999
2021-06-18,6.7615,110.545,103.7835
2021-06-21,23.9521,124.2077,100.2556
2021-06-22,12.054300000000001,101.551,89.4967
2021-06-23,0.18299999999998998,110.0257,109.84270000000001
2021-06-24,11.285599999999999,101.677,90.39139999999999
2021-06-25,20.5652,110.5983,90.03309999999999
2021-06-28,14.3333,84.7421,70.4088
2021-06-29,4.5775,96.6329,92.0554
2021-06-30,21.8095,97.6986,75.8891
2021-07-02,-30.7199,104.1775,134.8974
2021-07-05,-50.4789,119.3061,169.785
2021-07-06,-22.9157,95.62020000000001,118.5359
2021-07-07,23.0996,117.2808,94.1812
2021-07-08,-40.4794,126.2165,166.6959
2021-07-09,14.8126,121.6142,106.8016
2021-07-12,-23.0559,111.60079999999999,134.6567
2021-07-13,-14.0322,95.65899999999999,109.69120000000001
2021-07-14,4.50450000000001,99.0875,94.583
2021-07-15,9.687999999999999,82.9684,73.2804
2021-07-16,-0.00449999999999,82.382,82.3865
2021-07-19,-11.1148,92.25959999999999,103.37440000000001
2021-07-20,-3.4249,83.9277,87.3526
2021-07-21,-17.1292,102.6047,119.73389999999999
2021-07-22,-7.994800000000001,86.546,94.5408
2021-07-23,-20.4626,92.8848,113.3474
2021-07-26,-41.916199999999996,159.38639999999998,201.30259999999998
2021-07-27,-38.555,217.4691,256.0241
2021-07-28,-126.4374,164.47119999999998,290.9086
2021-07-29,-14.1142,152.0182,166.13240000000002
2021-07-30,-8.79780000000001,105.42049999999999,114.2183
2021-08-02,6.9888999999999895,123.08,116.09110000000001
2021-08-03,7.2000999999999795,156.4846,149.2845
2021-08-04,11.6868,117.3311,105.6443
2021-08-05,23.3223,120.79870000000001,97.4764
2021-08-06,46.0441,142.2937,96.24959999999999
2021-08-09,30.0441,125.7422,95.6981
2021-08-10,30.8479,121.4781,90.6302
2021-08-11,37.506,119.04469999999999,81.5387
2021-08-12,5.5601,97.5564,91.99629999999999
2021-08-13,-12.7276,72.8329,85.56049999999999
2021-08-16,-11.5577,85.4594,97.01709999999999
2021-08-17,-24.2537,94.1348,118.38850000000001
2021-08-18,2.8169,74.1675,71.3506
2021-08-19,3.9119000000000104,97.91760000000001,94.00569999999999
2021-08-20,-29.7667,116.35459999999999,146.1213
2021-08-23,10.6239,101.50319999999999,90.8793
2021-08-24,11.2296,103.0993,91.8697
2021-08-25,-1.5384,88.2967,89.8351
2021-08-26,-22.1104,76.20649999999999,98.3169
2021-08-27,-21.198400000000003,65.45609999999999,86.65450000000001
2021-08-30,-24.0803,73.3784,97.45870000000001
2021-08-31,-28.359899999999996,82.7626,111.1225
2021-09-01,20.0893,117.7274,97.6381
2021-09-02,14.8027,112.6432,97.84049999999999
2021-09-03,9.361699999999999,100.5569,91.1952
2021-09-06,27.5935,118.3322,90.73870000000001
2021-09-07,31.9927,112.6044,80.6117
2021-09-08,25.2754,111.39389999999999,86.1185
2021-09-09,4.42530000000001,106.6543,102.229
2021-09-10,26.313200000000002,105.45469999999999,79.1415
2021-09-13,-10.7958,98.1782,108.97399999999999
2021-09-14,5.2545,81.77510000000001,76.5206
2021-09-15,-2.3997,80.777,83.1767
2021-09-23,13.816300000000002,147.02620000000002,133.2099
2021-09-24,47.2389,135.2321,87.9932
2021-09-27,20.6693,116.68469999999999,96.01540000000001
2021-09-28,36.330999999999996,120.7974,84.4664
2021-10-08,13.2344,105.06299999999999,91.82860000000001
2021-10-11,19.518800000000002,103.0608,83.542
2021-10-12,5.3432,70.0475,64.7043
2021-10-15,13.6795,111.5027,97.8232
2021-10-18,8.13019999999999,68.1432,60.013000000000005
2021-10-19,-1.0869,57.2979,58.3848
2021-10-20,35.6545,89.1306,53.476099999999995
2021-10-21,6.25969999999999,67.1194,60.859700000000004
2021-10-22,8.0685,63.5738,55.5053
2021-10-25,27.739,78.1007,50.3617
2021-10-26,-1.0175,55.89810000000001,56.915600000000005
2021-10-27,-12.801300000000001,59.0049,71.8062
2021-10-28,-5.8175,56.1614,61.9789
2021-10-29,-3.5646,66.7123,70.2769
2021-11-01,-14.951400000000001,71.9097,86.86110000000001
2021-11-02,10.0131,76.1386,66.1255
2021-11-03,5.7966999999999995,60.734899999999996,54.938199999999995
2021-11-04,6.4270000000000005,60.8433,54.4163
2021-11-05,0.71179999999999,71.64569999999999,70.93390000000001
2021-11-08,-11.53,72.3296,83.85959999999999
2021-11-09,-3.485,60.017799999999994,63.5028
2021-11-10,16.1319,77.585,61.453100000000006
2021-11-11,-17.243299999999998,70.1079,87.3512
2021-11-12,-6.7139999999999995,61.0514,67.7654
2021-11-15,3.5925999999999902,59.139399999999995,55.546800000000005
2021-11-16,6.4271,70.1366,63.7095
2021-11-17,5.9244,52.6726,46.7482
2021-11-18,-1.8325,47.517700000000005,49.3502
2021-11-19,6.05599999999999,64.6599,58.6039
2021-11-22,-9.8085,72.27720000000001,82.0857
2021-11-23,-7.619800000000001,70.5313,78.1511
2021-11-24,18.630499999999998,85.6558,67.0253
2021-11-25,13.447799999999999,77.4045,63.9567
2021-11-26,-7.1924,72.4042,79.5966
2021-11-29,-13.2847,83.76950000000001,97.0542
2021-11-30,-1.77470000000001,95.2456,97.0203
2021-12-01,19.607,89.1816,69.5746
2021-12-02,16.2325,79.376,63.1435
2021-12-03,25.9662,97.2272,71.26100000000001
2021-12-06,22.0436,110.2427,88.1991
2021-12-07,26.6578,93.3034,66.6456
2021-12-08,10.4738,64.45649999999999,53.9827
2021-12-09,10.8741,79.5843,68.7102
2021-12-10,12.289000000000001,69.6837,57.3947
2021-12-13,21.2605,96.6968,75.4363
2021-12-14,3.0268,78.1322,75.1054
2021-12-15,17.7209,97.03200000000001,79.3111
2021-12-16,32.7622,95.1497,62.3875
2021-12-17,29.166,94.6916,65.5256
2021-12-20,15.1425,80.8893,65.74680000000001
2021-12-21,22.3301,75.5026,53.1725
2021-12-22,9.1683,66.5391,57.3708
2021-12-23,14.9901,78.53359999999999,63.5435
2021-12-24,4.0123,35.8896,31.8773
2021-12-28,-15.0307,80.2364,95.26709999999999
2022-01-04,-15.7301,84.8774,100.6075
2022-01-05,5.3366999999999996,92.14030000000001,86.8036
2022-01-06,13.0285,85.0385,72.01
2022-01-07,15.3279,83.2826,67.9547
2022-01-10,8.13610000000001,83.4302,75.2941
2022-01-11,7.728300000000001,68.18260000000001,60.4543
2022-01-12,25.96,95.7708,69.8108
2022-01-13,2.4024,66.8263,64.4239
2022-01-14,19.2451,65.9281,46.683
2022-01-17,6.541100000000011,65.46640000000001,58.9253
2022-01-18,11.8911,68.1502,56.2591
2022-01-19,6.12929999999999,60.149899999999995,54.0206
2022-01-20,41.5809,124.7808,83.1999
2022-01-21,14.863,96.40950000000001,81.5465
2022-01-24,20.458399999999997,90.92,70.4616
2022-01-25,25.29,97.9841,72.69409999999999
2022-01-26,27.328200000000002,94.8517,67.5235
2022-02-07,24.1348,89.5582,65.4234
2022-02-08,15.3717,73.9523,58.580600000000004
2022-02-09,25.7637,95.1188,69.35510000000001
2022-02-10,10.7785,73.991,63.2125
2022-02-11,7.36980000000001,87.32530000000001,79.9555
2022-02-14,-0.1052,67.1637,67.2689
2022-02-15,6.0619000000000005,64.0518,57.9899
2022-02-16,11.1828,60.3769,49.1941
2022-02-17,2.3849000000000102,53.0052,50.6203
2022-02-18,-1.0047,63.2071,64.2118
2022-02-21,20.012999999999998,92.8358,72.8228
2022-02-22,5.04309999999999,90.04180000000001,84.99870000000001
2022-02-23,18.8231,79.7839,60.9608
2022-02-24,10.5953,86.9275,76.3322
2022-02-25,18.0753,84.48190000000001,66.4066
2022-02-28,6.6354999999999995,71.1018,64.4663
2022-03-01,-3.3566000000000003,60.938900000000004,64.2955
2022-03-02,19.4056,76.16640000000001,56.760799999999996
2022-03-03,9.153200000000009,79.6431,70.48989999999999
2022-03-04,25.5405,107.7931,82.2526
2022-03-07,32.7261,130.3229,97.5968
2022-03-08,18.3724,107.9484,89.57600000000001
2022-03-09,15.6176,102.65129999999999,87.03370000000001
2022-03-10,13.4048,82.56469999999999,69.1599
2022-03-11,13.277999999999999,116.0308,102.75280000000001
2022-03-14,24.5623,135.6731,111.1108
2022-03-15,56.211800000000004,183.2567,127.0449
2022-03-16,47.450900000000004,187.9409,140.49
2022-03-17,36.7721,169.4023,132.6302
2022-03-18,-1.23610000000001,95.36059999999999,96.5967
2022-03-21,4.8893,80.4566,75.56729999999999
2022-03-22,4.603899999999999,78.081,73.47710000000001
2022-03-23,17.647000000000002,110.4002,92.75319999999999
2022-03-24,-10.2655,90.0749,100.3404
2022-03-25,-17.7769,71.52199999999999,89.29889999999999
2022-03-28,7.07190000000001,90.8241,83.75219999999999
2022-03-29,2.5099,82.32969999999999,79.8198
2022-03-30,-6.02639999999999,94.671,100.6974
2022-04-06,1.19529999999999,100.5114,99.3161
2022-04-07,-3.075,69.9777,73.0527
2022-04-08,4.3718,63.6417,59.2699
2022-04-11,-1.1775,70.0814,71.2589
2022-04-12,6.33070000000001,72.4414,66.1107
2022-04-13,14.8596,64.0125,49.1529
2022-04-14,4.7833,54.856899999999996,50.0736
2022-04-19,13.0294,71.4042,58.37479999999999
2022-04-20,-12.515,41.509499999999996,54.024499999999996
2022-04-21,-7.7644,53.631800000000005,61.3962
2022-04-22,19.5584,59.8069,40.2485
2022-04-25,2.5345,69.2275,66.693
2022-04-26,2.2541999999999898,59.606899999999996,57.352700000000006
2022-04-27,7.8149,74.778,66.9631
2022-05-05,-11.3225,70.2727,81.5952
2022-05-06,6.0755,61.45140000000001,55.3759
2022-05-10,22.9291,74.9477,52.0186
2022-05-11,35.690599999999996,92.7349,57.0443
2022-05-12,29.174,69.5946,40.4206
2022-05-13,17.5592,66.68520000000001,49.126000000000005
2022-05-16,13.966800000000001,60.107600000000005,46.1408
2022-05-17,37.4306,93.274,55.8434
2022-05-18,3.1111,61.703599999999994,58.5925
2022-05-19,32.2385,87.523,55.2845
2022-05-20,2.3767,69.52069999999999,67.14399999999999
2022-05-23,6.7546,55.8424,49.087799999999994
2022-05-24,-2.11589999999999,59.400200000000005,61.516099999999994
2022-05-25,5.4994000000000005,53.6029,48.103500000000004
2022-05-26,17.3995,59.813,42.413500000000006
2022-05-27,11.756300000000001,65.2218,53.4655
2022-05-30,-1.3483,61.651,62.999300000000005
2022-05-31,15.0986,86.1195,71.0209
2022-06-01,14.038599999999999,58.7562,44.717600000000004
2022-06-02,-2.9018,50.2387,53.1405
2022-06-06,12.3396,84.6873,72.3477
2022-06-07,19.9646,77.8664,57.9018
2022-06-08,11.156199999999998,108.7083,97.5521
2022-06-09,5.667000000000001,81.21,75.543
2022-06-10,18.341099999999997,105.63680000000001,87.2957
2022-06-13,27.5473,110.29780000000001,82.75049999999999
2022-06-14,28.8143,95.4785,66.6642
2022-06-15,23.415300000000002,114.5229,91.1076
2022-06-16,9.57940000000001,151.19819999999999,141.6188
2022-06-17,24.1671,134.1133,109.9462
2022-06-20,3.5641000000000003,119.89229999999999,116.3282
2022-06-21,13.2412,101.8707,88.62950000000001
2022-06-22,10.6551,104.77780000000001,94.12270000000001
2022-06-23,17.5722,104.921,87.3488
2022-06-24,19.3867,121.0102,101.6235
2022-06-27,36.1481,180.44240000000002,144.2943
2022-06-28,12.78,132.3421,119.56209999999999
2022-06-29,12.2921,116.41329999999999,104.1212
2022-06-30,39.7869,123.1675,83.3806
2022-07-04,2.25710000000001,101.3492,99.09209999999999
2022-07-05,-7.49100000000001,80.2144,87.70540000000001
2022-07-06,-13.0947,85.8118,98.9065
2022-07-07,3.145,67.4233,64.2783
2022-07-08,6.8267,61.9732,55.146499999999996
2022-07-11,-16.1616,67.164,83.3256
2022-07-12,11.8399,73.8479,62.008
2022-07-13,3.5074,58.51,55.0026
2022-07-14,3.0604,68.2455,65.1851
2022-07-15,8.35549999999999,78.26859999999999,69.9131
2022-07-18,-6.7806,63.364799999999995,70.1454
2022-07-19,1.1879,45.7456,44.557700000000004
2022-07-20,-0.8134999999999999,50.9281,51.7416
2022-07-21,2.0865,47.665299999999995,45.5788
2022-07-22,5.34070000000001,46.608000000000004,41.2673
2022-07-25,-4.659800000000001,51.4376,56.0974
2022-07-26,1.2758,52.1805,50.904700000000005
2022-07-27,3.3652999999999995,54.699,51.3337
2022-07-28,1.5156,51.0742,49.5586
2022-07-29,4.618,74.9653,70.34729999999999
2022-08-01,23.5931,81.6786,58.0855
2022-08-02,9.42549999999999,73.3265,63.901
2022-08-03,11.4056,58.7552,47.3496
2022-08-04,6.2729,52.9033,46.6304
2022-08-05,0.4501,47.4909,47.0408
2022-08-08,-0.5682,40.5613,41.1295
2022-08-09,-5.1599,39.0112,44.171099999999996
2022-08-10,1.1455,50.1784,49.0329
2022-08-11,8.7399,43.1928,34.4529
2022-08-12,3.9736000000000002,36.0273,32.0537
2022-08-15,0.36259999999999004,43.6436,43.281000000000006
2022-08-16,-10.249400000000001,57.7491,67.9985
2022-08-17,-9.16889999999999,41.633,50.801899999999996
2022-08-18,6.854500000000001,47.7847,40.9302
2022-08-19,13.7052,52.498599999999996,38.7934
2022-08-22,6.0962,54.8565,48.7603
2022-08-23,-2.0867,52.3605,54.4472
2022-08-24,-5.6222,65.2483,70.8705
2022-08-25,8.9808,66.1223,57.14149999999999
2022-08-26,8.7074,67.97489999999999,59.2675
2022-08-29,7.132999999999999,64.2889,57.1559
2022-08-30,-1.1229,68.9932,70.1161
2022-08-31,2.4558,70.991,68.5352
2022-09-01,7.9919,66.78359999999999,58.7917
2022-09-02,-8.34110000000001,58.5674,66.9085
2022-09-05,16.6264,85.6465,69.0201
2022-09-06,9.9064,67.9755,58.0691
2022-09-07,6.6986,67.2958,60.5972
2022-09-08,1.9022,56.6914,54.7892
2022-09-09,0.8387,56.3615,55.5228
2022-09-13,6.0921,59.9799,53.8878
2022-09-14,26.8154,65.6063,38.7909
2022-09-15,8.1758,58.0346,49.8588
2022-09-16,1.52099999999999,58.3786,56.857600000000005
2022-09-19,-20.9765,51.26649999999999,72.243
2022-09-20,11.0577,48.006099999999996,36.9484
2022-09-21,23.069899999999997,60.0269,36.957
2022-09-22,17.864,61.7583,43.8943
2022-09-23,11.7403,58.0344,46.2941
2022-09-26,-3.9045000000000103,55.2519,59.156400000000005
2022-09-27,-1.3959000000000001,58.3926,59.788500000000006
2022-09-28,31.5724,75.0042,43.4318
2022-10-10,3.7205,64.3434,60.6229
2022-10-11,13.8281,63.1344,49.3063
2022-10-12,1.5302,67.3415,65.8113
2022-10-13,21.4232,57.37350000000001,35.9503
2022-10-14,25.4274,78.45020000000001,53.0228
2022-10-17,27.7342,72.2574,44.523199999999996
2022-10-18,32.6004,81.3391,48.7387
2022-10-19,23.8808,69.5077,45.6269
2022-10-20,33.6002,83.37809999999999,49.7779
2022-10-21,22.5799,66.271,43.6911
2022-10-24,27.0523,109.09809999999999,82.0458
2022-10-25,36.8498,92.77969999999999,55.929899999999996
2022-10-26,20.430999999999997,89.1158,68.6848
2022-10-27,32.627199999999995,93.382,60.754799999999996
2022-10-28,16.5423,78.2015,61.6592
2022-10-31,34.1608,92.4558,58.295
2022-11-01,45.8737,123.68360000000001,77.8099
2022-11-02,43.9661,101.6206,57.6545
2022-11-03,44.763400000000004,95.85959999999999,51.096199999999996
2022-11-04,32.4602,152.2991,119.8389
2022-11-07,27.976300000000002,123.70200000000001,95.7257
2022-11-08,28.9275,88.0551,59.1276
2022-11-09,1.1016,89.8819,88.78030000000001
2022-11-10,25.537,83.67309999999999,58.1361
2022-11-11,6.3249,170.115,163.7901
2022-11-14,-15.771400000000002,171.24560000000002,187.017
2022-11-15,4.6482,170.33,165.6818
2022-11-16,22.3354,162.2627,139.9273
2022-11-17,35.5077,133.6298,98.12209999999999
2022-11-18,-10.069099999999999,108.95030000000001,119.0194
2022-11-21,27.1422,91.0952,63.953
2022-11-22,-26.3112,87.69959999999999,114.0108
2022-11-23,3.53889999999999,73.52109999999999,69.9822
2022-11-24,-6.56530000000001,62.634899999999995,69.20020000000001
2022-11-25,12.434800000000001,96.8703,84.43549999999999
2022-11-28,33.153,115.7094,82.5564
2022-11-29,-27.270799999999998,128.9077,156.1785
2022-11-30,19.1588,128.2697,109.1109
2022-12-01,18.8093,172.05759999999998,153.2483
2022-12-02,7.319599999999991,107.78659999999999,100.46700000000001
2022-12-05,14.7126,191.03209999999999,176.3195
2022-12-06,16.0154,148.80870000000002,132.7933
2022-12-07,-14.3773,164.9973,179.3746
2022-12-08,12.085999999999999,137.33520000000001,125.2492
2022-12-09,20.1983,194.7029,174.50459999999998
2022-12-12,31.7678,163.5464,131.7786
2022-12-13,20.3518,111.6355,91.28370000000001
2022-12-14,0.38970000000001,109.2585,108.8688
2022-12-15,9.9636,87.1475,77.18390000000001
2022-12-16,-6.3107000000000095,79.7855,86.09620000000001
2022-12-19,-0.3098,82.2191,82.5289
2022-12-20,0.35229999999999995,63.5637,63.211400000000005
2022-12-21,-2.59190000000001,49.006099999999996,51.598
2022-12-22,4.99969999999999,82.61959999999999,77.6199
2022-12-23,5.2238,68.7584,63.5346
2022-12-28,13.146600000000001,102.1937,89.04709999999999
2022-12-29,23.9116,93.92309999999999,70.0115
2022-12-30,15.095999999999998,81.2676,66.1716
2023-01-03,11.2918,100.6198,89.32799999999999
2023-01-04,26.375300000000003,120.014,93.63870000000001
2023-01-05,15.089,136.11180000000002,121.0228
2023-01-06,-3.5675,119.0353,122.6028
2023-01-09,-3.6527999999999903,113.8777,117.53049999999999
2023-01-10,-0.8583,90.7464,91.6047
2023-01-11,13.619000000000002,131.7577,118.13870000000001
2023-01-12,-5.81369999999999,101.9636,107.7773
2023-01-13,13.2039,104.60600000000001,91.40209999999999
2023-01-16,10.355599999999999,141.8554,131.4998
2023-01-17,17.9247,108.29719999999999,90.3725
2023-01-18,5.8582,102.15440000000001,96.29620000000001
2023-01-30,-31.480100000000004,135.5231,167.0032
2023-01-31,-30.5363,89.6424,120.1787
2023-02-01,-9.2809,99.5775,108.8584
2023-02-02,-3.8842000000000003,107.1771,111.06129999999999
2023-02-03,-0.15480000000001,96.1471,96.3019
2023-02-06,17.1399,141.1449,124.005
2023-02-07,6.8626,81.8985,75.0359
2023-02-08,-9.14089999999998,95.6937,104.8346
2023-02-09,-7.924400000000009,91.7538,99.6782
2023-02-10,18.401400000000002,115.4524,97.051
2023-02-13,21.546799999999998,101.9461,80.3993
2023-02-14,-22.1147,87.47139999999999,109.5861
2023-02-15,36.1214,111.78219999999999,75.6608
2023-02-16,-0.8533,97.17469999999999,98.02799999999999
2023-02-17,1.6437,71.167,69.5233
2023-02-20,-22.641399999999997,88.8489,111.4903
2023-02-21,3.12110000000001,95.9225,92.8014
2023-02-22,4.4480999999999895,82.9648,78.5167
2023-02-23,8.0516,78.3749,70.3233
2023-02-24,43.2663,104.41590000000001,61.1496
2023-02-27,37.5023,101.1161,63.6138
2023-02-28,-7.18299999999999,93.29,100.473
2023-03-01,17.5936,126.1029,108.5093
2023-03-02,39.3211,102.42049999999999,63.099399999999996
2023-03-03,15.648800000000001,93.9803,78.33149999999999
2023-03-06,13.8878,95.509,81.6212
2023-03-07,4.3508,94.1957,89.8449
2023-03-08,39.8634,122.0185,82.1551
2023-03-09,-0.16190000000001,81.8426,82.00450000000001
2023-03-10,8.9775,114.9437,105.96620000000001
2023-03-13,-1.6752,117.37809999999999,119.0533
2023-03-14,19.903499999999998,98.1337,78.23020000000001
2023-03-15,18.407799999999998,91.478,73.0702
2023-03-16,1.98049999999999,73.7207,71.7402
2023-03-17,24.9512,112.0174,87.06620000000001
2023-03-20,28.9479,113.5745,84.6266
2023-03-21,2.5475,78.1181,75.5706
2023-03-22,13.472100000000001,83.7484,70.2763
2023-03-23,5.0077,109.4067,104.399
2023-03-24,36.2506,115.3362,79.0856
2023-03-27,12.2467,100.7094,88.4627
2023-03-28,13.207799999999999,79.6357,66.4279
2023-03-29,28.788200000000003,103.5215,74.7333
2023-03-30,9.7842,83.6469,73.8627
2023-03-31,10.4104,95.29620000000001,84.8858
2023-04-03,29.034699999999997,120.4232,91.38850000000001
2023-04-04,-17.1618,93.574,110.7358
2023-04-06,23.2393,91.4535,68.2142
2023-04-11,13.4288,119.3082,105.8794
2023-04-12,4.6919,94.4444,89.7525
2023-04-13,6.318600000000011,76.52890000000001,70.2103
2023-04-14,12.5105,86.3266,73.81609999999999
2023-04-17,33.121,119.9747,86.8537
2023-04-18,18.8725,79.1018,60.2293
2023-04-19,14.7941,89.2943,74.5002
2023-04-20,-20.7011,87.44709999999999,108.1482
2023-04-21,22.6152,89.6143,66.9991
2023-04-24,3.3845,69.4519,66.06739999999999
2023-04-25,8.077,73.0433,64.9663
2023-04-26,11.148900000000001,62.7957,51.646800000000006
2023-04-27,4.7656,54.1968,49.4312
2023-04-28,1.3503999999999998,61.9203,60.5699
2023-05-04,13.0162,75.2022,62.18600000000001
2023-05-05,-13.431700000000001,62.1225,75.5542
2023-05-08,11.3449,93.9368,82.59190000000001
2023-05-09,-13.9276,82.2933,96.2209
2023-05-10,-5.6453999999999995,58.5058,64.1512
2023-05-11,15.1166,74.5613,59.444700000000005
2023-05-12,-7.6438,54.267799999999994,61.9116
2023-05-15,6.2259,74.1327,67.9068
2023-05-16,12.068599999999998,57.976800000000004,45.908199999999994
2023-05-17,35.4156,88.3309,52.915299999999995
2023-05-18,3.2752,66.7169,63.4417
2023-05-19,-0.33480000000001,54.4636,54.7984
2023-05-22,-14.249400000000001,55.9888,70.23819999999999
2023-05-23,20.5812,62.0058,41.4246
2023-05-24,-15.980699999999999,47.62350000000001,63.6042
2023-05-25,33.016799999999996,90.82549999999999,57.8087
2023-05-29,-9.605599999999999,67.4909,77.09649999999999
2023-05-30,6.26879999999999,59.903999999999996,53.635200000000005
2023-05-31,-4.1249,64.75659999999999,68.8815
2023-06-01,-23.8367,62.848800000000004,86.68549999999999
2023-06-02,-21.4954,81.9419,103.4373
2023-06-05,58.443000000000005,109.8333,51.390299999999996
2023-06-06,-45.037299999999995,47.900600000000004,92.93790000000001
2023-06-07,-3.3854999999999897,46.1835,49.568999999999996
2023-06-08,14.4594,64.3618,49.9024
2023-06-09,-4.46639999999999,62.690200000000004,67.1566
2023-06-12,22.5798,72.3882,49.8084
2023-06-13,16.3076,68.722,52.41439999999999
2023-06-14,8.7588,67.2281,58.469300000000004
2023-06-15,-35.0169,70.7194,105.73629999999999
2023-06-16,-43.0945,67.9272,111.0217
2023-06-19,36.2076,98.0572,61.8496
2023-06-20,-10.1763,67.5934,77.7697
2023-06-21,-20.9833,57.8245,78.8078
2023-06-26,17.8261,72.7364,54.9103
2023-06-27,-30.0858,49.0796,79.1654
2023-06-28,39.8302,77.5679,37.7377
2023-06-29,-22.0896,42.7462,64.8358
2023-06-30,15.5672,55.4055,39.8383
2023-07-03,-1.5036,62.5675,64.0711
2023-07-04,10.6922,60.411899999999996,49.7197
2023-07-05,46.752399999999994,91.061,44.3086
2023-07-06,12.3618,54.1541,41.7923
2023-07-07,-22.8219,51.329499999999996,74.15140000000001
2023-07-10,-0.5,38.231,38.731
2023-07-11,-5.6089,39.6577,45.2666
2023-07-12,2.2942,45.5476,43.2534
2023-07-13,11.8719,72.7486,60.8767
2023-07-14,0.7502,50.5995,49.8493
2023-07-18,-1.7069999999999999,56.3571,58.064099999999996
2023-07-19,89.7551,129.8247,40.0696
2023-07-20,-79.4907,41.243100000000005,120.73379999999999
2023-07-21,0.9861,36.9029,35.916799999999995
2023-07-24,50.063599999999994,94.3293,44.265699999999995
2023-07-25,-40.3819,82.5807,122.96260000000001
2023-07-26,41.28020000000001,82.8217,41.5415
2023-07-27,-25.1813,66.04520000000001,91.2265
2023-07-28,35.908,125.1959,89.28790000000001
2023-07-31,-41.8103,127.912,169.7223
2023-08-01,53.5334,142.38129999999998,88.84790000000001
2023-08-02,3.18230000000001,81.76140000000001,78.5791
2023-08-03,15.5928,65.9355,50.34270000000001
2023-08-04,-35.3944,72.3308,107.7252
2023-08-07,15.948699999999999,78.7012,62.7525
2023-08-08,39.8875,97.68530000000001,57.797799999999995
2023-08-09,-52.7006,47.0513,99.7519
2023-08-10,11.605,47.398900000000005,35.7939
2023-08-11,24.418699999999998,71.5001,47.0814
2023-08-14,42.540299999999995,90.0416,47.5013
2023-08-15,35.1404,69.8263,34.685900000000004
2023-08-16,-26.429000000000002,55.8298,82.2588
2023-08-17,49.4344,90.9463,41.5119
2023-08-18,-48.74850000000001,56.6645,105.413
2023-08-21,50.0958,101.87780000000001,51.782
2023-08-22,-17.6922,58.0267,75.7189
2023-08-23,5.7363,52.7324,46.9961
2023-08-24,21.839499999999997,76.4337,54.5942
2023-08-25,15.3926,59.2546,43.861999999999995
2023-08-28,15.5991,78.2863,62.687200000000004
2023-08-29,13.049900000000001,78.0989,65.04899999999999
2023-08-30,17.853099999999998,80.4217,62.568599999999996
2023-08-31,11.1799,68.7623,57.5824
2023-09-04,18.0101,116.4775,98.4674
2023-09-05,57.98,115.6424,57.6624
2023-09-06,16.4723,89.62889999999999,73.1566
2023-09-07,30.877399999999998,86.59620000000001,55.7188
2023-09-11,-51.966800000000006,70.9828,122.94959999999999
2023-09-12,34.1367,86.6636,52.5269
2023-09-13,-5.3052,50.5587,55.8639
2023-09-14,13.9522,61.4704,47.5182
2023-09-15,11.3948,62.3559,50.961099999999995
2023-09-18,41.529399999999995,85.0689,43.5395
2023-09-19,17.6257,65.6054,47.9797
2023-09-20,12.638900000000001,54.093999999999994,41.4551
2023-09-21,10.1937,54.4259,44.232200000000006
2023-09-22,-17.8468,67.5541,85.40090000000001
2023-09-25,28.1572,72.4499,44.2927
2023-09-26,4.5638999999999905,59.827299999999994,55.263400000000004
2023-09-27,20.708099999999998,56.4675,35.7594
2023-09-28,17.2142,55.778,38.5638
2023-10-09,9.9158,33.1555,23.2397
2023-10-10,25.441100000000002,63.7773,38.3362
2023-10-11,7.8529,56.3526,48.499700000000004
2023-10-12,-17.238699999999998,55.477700000000006,72.71640000000001
2023-10-13,21.2988,60.953199999999995,39.6544
2023-10-16,20.4236,65.80069999999999,45.3771
2023-10-17,6.556399999999989,49.439899999999994,42.883500000000005
2023-10-18,-19.7052,46.0578,65.763
2023-10-19,3.5370999999999997,63.9204,60.3833
2023-10-20,3.4299,53.1137,49.6838
2023-10-24,-12.2789,66.91029999999999,79.1892
2023-10-25,-2.47870000000001,64.78439999999999,67.26310000000001
2023-10-26,5.33910000000001,56.623900000000006,51.2848
2023-10-27,7.50280000000001,66.4906,58.9878
2023-10-30,9.22709999999999,82.0563,72.8292
2023-10-31,10.0876,62.0883,52.000699999999995
2023-11-01,6.6113,51.5903,44.979
2023-11-02,3.5247,55.8367,52.312
2023-11-03,6.3782000000000005,66.2938,59.915600000000005
2023-11-06,10.8099,111.15370000000001,100.34379999999999
2023-11-07,48.560900000000004,105.2583,56.697399999999995
2023-11-08,-9.9909,73.5684,83.55930000000001
2023-11-09,23.1485,67.17739999999999,44.0289
2023-11-10,17.5223,72.082,54.5597
2023-11-13,-16.2169,60.0163,76.2332
2023-11-14,9.6542,67.842,58.187799999999996
2023-11-15,-44.7383,75.2594,119.99770000000001
2023-11-16,22.4905,85.51799999999999,63.0275
2023-11-17,22.531399999999998,68.32,45.788599999999995
2023-11-20,-18.006800000000002,59.4397,77.4465
2023-11-21,-5.0173000000000005,60.927,65.9443
2023-11-22,23.230100000000004,71.98,48.7499
2023-11-23,-21.9029,53.201499999999996,75.1044
2023-11-24,42.9207,84.6226,41.701899999999995
2023-11-27,-0.0202,55.5735,55.5937
2023-11-28,-12.0047,56.3492,68.35390000000001
2023-11-29,-14.6861,74.1695,88.8556
2023-11-30,5.225,54.5993,49.374300000000005
2023-12-01,23.0029,78.5249,55.522
2023-12-04,-4.8214,65.3628,70.1842
2023-12-05,22.8001,94.5535,71.7534
2023-12-06,29.4358,85.1401,55.7043
2023-12-07,-18.0938,49.92979999999999,68.0236
2023-12-08,13.2097,70.6504,57.4407
2023-12-11,28.077199999999998,88.07530000000001,59.9981
2023-12-12,-18.450499999999998,54.7369,73.1874
2023-12-13,2.8800999999999903,50.264799999999994,47.3847
2023-12-14,-49.127700000000004,46.449,95.5767
2023-12-15,-22.9271,51.300399999999996,74.2275
2023-12-18,54.3526,107.866,53.513400000000004
2023-12-19,0.2967,50.7799,50.4832
2023-12-20,-62.2587,33.3497,95.6084
2023-12-21,9.7601,45.166000000000004,35.4059
2023-12-22,-16.8921,97.07,113.96209999999999
2023-12-27,6.716,81.0904,74.3744
2023-12-28,-4.2613,74.5073,78.76859999999999
2023-12-29,2.355,46.98479999999999,44.629799999999996
2024-01-02,12.9395,62.1426,49.203100000000006
2024-01-03,28.8152,77.671,48.8558
2024-01-04,3.7459,48.5496,44.8037
2024-01-05,3.4720999999999997,57.0035,53.531400000000005
2024-01-08,-11.3578,52.7627,64.1205
2024-01-09,-24.6389,42.8238,67.4627
2024-01-10,10.0091,58.133500000000005,48.124399999999994
2024-01-11,-34.1486,44.0756,78.2242
2024-01-12,5.9322,38.0342,32.102
2024-01-15,17.9549,57.5321,39.5772
2024-01-16,5.2548,48.587399999999995,43.3326
2024-01-17,19.2727,85.1102,65.8375
2024-01-18,-2.6205000000000003,52.9954,55.6159
2024-01-19,-0.8412999999999999,47.7145,48.5558
2024-01-22,-4.1272,63.2663,67.3935
2024-01-23,-28.4245,48.6987,77.1232
2024-01-24,2.6807999999999996,64.4614,61.78060000000001
2024-01-25,12.6415,78.9757,66.3342
2024-01-26,21.528000000000002,102.54260000000001,81.0146
2024-01-29,-12.513399999999999,58.751400000000004,71.2648
2024-01-30,-7.6676,46.576499999999996,54.244099999999996
2024-01-31,-9.302999999999999,49.008599999999994,58.3116
2024-02-01,-11.966500000000002,43.366099999999996,55.3326
2024-02-02,-26.683200000000003,51.9328,78.616
2024-02-05,14.972100000000001,71.8282,56.8561
2024-02-06,-38.4909,58.9723,97.4632
2024-02-07,-2.4848,52.695100000000004,55.179899999999996
2024-02-08,16.0122,50.5414,34.5292
2024-02-19,8.02860000000001,61.0272,52.998599999999996
2024-02-20,4.9159,56.2063,51.2904
2024-02-21,4.255,84.33319999999999,80.0782
2024-02-22,25.6296,80.72149999999999,55.091899999999995
2024-02-23,25.9788,82.15180000000001,56.173
2024-02-26,1.1369,58.1379,57.001000000000005
2024-02-27,1.4750999999999899,74.8153,73.34020000000001
2024-02-28,-0.51400000000001,72.22279999999999,72.7368
2024-02-29,-1.1592,68.72399999999999,69.8832
2024-03-01,9.968,85.2974,75.32939999999999
2024-03-04,16.2867,94.376,78.08930000000001
2024-03-05,22.2698,86.1972,63.9274
2024-03-06,3.1467,61.7139,58.5672
2024-03-07,13.2469,76.1133,62.866400000000006
2024-03-08,1.8009,65.1431,63.342200000000005
2024-03-11,7.6657,86.7875,79.12180000000001
2024-03-12,-3.0833,102.48549999999999,105.5688
2024-03-13,47.9529,129.2283,81.2754
2024-03-14,7.76290000000001,95.13850000000001,87.37559999999999
2024-03-15,17.4713,91.8716,74.4003
2024-03-18,15.529200000000001,87.50129999999999,71.9721
2024-03-19,36.041199999999996,88.428,52.3868
2024-03-20,25.2366,76.9939,51.757299999999994
2024-03-21,31.4436,99.6892,68.24560000000001
2024-03-22,63.4281,135.0586,71.6305
2024-03-25,-31.2329,81.5633,112.79620000000001
2024-03-26,20.902800000000003,77.72489999999999,56.8221
2024-03-27,26.8779,82.054,55.1761
2024-03-28,14.807,86.1347,71.32770000000001
2024-04-02,15.1194,116.0853,100.9659
2024-04-03,13.550799999999999,80.4683,66.9175
2024-04-08,16.2437,86.641,70.3973
2024-04-09,14.747,69.3065,54.5595
2024-04-10,17.3687,88.6734,71.3047
2024-04-11,28.3686,85.5324,57.1638
2024-04-12,28.8456,86.24690000000001,57.4013
2024-04-15,33.0945,87.8557,54.7612
2024-04-16,42.534099999999995,102.0061,59.472
2024-04-17,-4.19360000000001,73.1499,77.3435
2024-04-18,27.540399999999998,79.7013,52.1609
2024-04-19,28.1736,80.31479999999999,52.1412
2024-04-22,13.6942,88.78040000000001,75.0862
2024-04-23,6.9908,81.8723,74.8815
2024-04-24,3.97599999999999,85.17469999999999,81.1987
2024-04-25,1.7504,81.80189999999999,80.05149999999999
2024-04-26,10.652899999999999,107.9276,97.2747
2024-04-29,5.7173,117.693,111.9757
2024-04-30,4.79129999999999,82.3963,77.605
2024-05-06,17.2486,142.8135,125.5649
2024-05-07,5.90730000000001,90.73620000000001,84.82889999999999
2024-05-08,12.1671,95.7975,83.63040000000001
2024-05-09,-4.4807,101.2982,105.7789
2024-05-10,32.9898,169.4915,136.5017
2024-05-13,36.7454,166.7148,129.9694
2024-05-14,-5.01620000000001,126.2841,131.3003
2024-05-16,19.1992,178.27880000000002,159.0796
2024-05-17,26.007399999999997,168.9214,142.914
2024-05-20,6.936699999999999,147.1886,140.2519
2024-05-21,-3.0801999999999996,134.0377,137.11790000000002
2024-05-22,3.85860000000001,103.2343,99.3757
2024-05-23,7.8433,99.5666,91.7233
2024-05-24,9.0451,106.3824,97.3373
2024-05-27,23.821399999999997,116.204,92.3826
2024-05-28,26.458099999999998,92.3927,65.9346
2024-05-29,29.6387,90.45,60.8113
2024-05-30,23.3816,92.9121,69.5305
2024-05-31,32.305,102.3752,70.0702
2024-06-03,19.5115,95.3933,75.8818
2024-06-04,41.2236,115.52040000000001,74.2968
2024-06-05,27.796100000000003,99.2298,71.4337
2024-06-06,15.2142,91.9675,76.7533
2024-06-07,14.5676,100.5644,85.99680000000001
2024-06-11,47.1245,123.8801,76.7556
2024-06-12,32.7246,92.81459999999998,60.09
2024-06-13,26.9865,86.7544,59.7679
2024-06-14,27.559,113.0868,85.52780000000001
2024-06-17,19.4707,91.68430000000001,72.2136
2024-06-18,33.2791,90.18629999999999,56.9072
2024-06-19,15.3408,101.7297,86.38889999999999
2024-06-20,36.8795,114.29129999999999,77.4118
2024-06-21,19.6991,85.1266,65.4275
2024-06-24,-9.68700000000001,79.4158,89.1028
2024-06-25,-1.8025,64.3444,66.1469
2024-06-26,16.4498,67.3145,50.8647
2024-06-27,16.179000000000002,83.5234,67.3444
2024-06-28,22.3501,78.0071,55.657
2024-07-02,36.3463,106.21629999999999,69.87
2024-07-03,27.9623,93.67020000000001,65.7079
2024-07-04,9.63549999999999,79.459,69.82350000000001
2024-07-05,-8.06870000000001,65.6019,73.67060000000001
2024-07-08,12.5948,64.3538,51.75899999999999
2024-07-09,14.7824,71.3342,56.5518
2024-07-10,0.4181,63.755500000000005,63.337399999999995
2024-07-11,-4.86080000000001,60.999399999999994,65.8602
2024-07-12,3.9531,81.1308,77.1777
2024-07-15,21.7316,71.4403,49.7087
2024-07-16,26.304000000000002,81.6003,55.2963
2024-07-17,-20.3089,78.4184,98.7273
2024-07-18,7.220599999999999,56.4442,49.2236
2024-07-19,20.1725,80.68979999999999,60.5173
2024-07-22,13.019400000000001,70.4119,57.3925
2024-07-23,-0.6829000000000001,57.9125,58.5954
2024-07-24,-5.8722,55.2505,61.1227
2024-07-25,-28.2255,62.95270000000001,91.1782
2024-07-26,38.9226,90.11049999999999,51.1879
2024-07-29,4.2151,54.531000000000006,50.3159
2024-07-30,-9.5023,51.631400000000006,61.1337
2024-07-31,6.7813,76.9247,70.1434
2024-08-01,40.0152,75.2493,35.2341
2024-08-02,-2.5581,65.7264,68.2845
2024-08-05,-0.2752,87.1134,87.38860000000001
2024-08-06,27.7881,76.1701,48.382
2024-08-07,50.326899999999995,85.87639999999999,35.549499999999995
2024-08-08,-38.116,49.3376,87.45360000000001
2024-08-09,9.4876,62.7266,53.239
2024-08-12,16.5469,56.247600000000006,39.700700000000005
2024-08-13,6.5552,48.459399999999995,41.9042
2024-08-14,-1.4626,41.397600000000004,42.860200000000006
2024-08-15,21.608400000000003,66.3642,44.7558
2024-08-16,19.0489,64.4376,45.3887
2024-08-19,-26.1547,50.364200000000004,76.5189
2024-08-20,5.338799999999989,49.59439999999999,44.2556
2024-08-21,-2.8501,50.919399999999996,53.7695
2024-08-22,-16.4836,55.0589,71.5425
2024-08-23,1.49929999999999,43.2748,41.7755
2024-08-26,-0.5556,50.4542,51.0098
2024-08-27,10.6729,63.7354,53.0625
2024-08-28,6.8853,61.470699999999994,54.5854
2024-08-29,-6.5463,64.8375,71.38380000000001
2024-08-30,-0.6134000000000001,90.7669,91.3803
2024-09-02,39.303200000000004,96.75209999999998,57.4489
2024-09-03,11.165799999999999,56.5112,45.3454
2024-09-04,-21.2161,62.0967,83.31280000000001
2024-09-05,-8.9801,53.6959,62.676
2024-09-09,25.534699999999997,116.9735,91.43879999999999
2024-09-10,51.676899999999996,118.3356,66.6587
2024-09-11,-32.586999999999996,79.6071,112.19409999999999
2024-09-12,18.587699999999998,76.3668,57.7791
2024-09-13,8.6095,63.6615,55.052
2024-09-19,28.3671,124.4613,96.0942
2024-09-20,31.7725,115.13969999999999,83.3672
2024-09-23,37.1787,102.05120000000001,64.8725
2024-09-24,-7.67619999999999,145.2894,152.9656
2024-09-25,-17.576900000000002,145.18290000000002,162.75979999999998
2024-09-26,-3.31900000000001,229.0607,232.3797
2024-09-27,-19.0174,287.6865,306.7039
2024-09-30,44.273500000000006,453.4275,409.154
2024-10-08,16.2893,566.3679,550.0786
2024-10-09,24.6000999999999,357.8909,333.2908
2024-10-10,64.6879,306.7032,242.0153
2024-10-14,46.1712,254.9752,208.804
2024-10-15,35.7906,219.1323,183.34169999999997
2024-10-16,7.52219999999999,156.248,148.7258
2024-10-17,38.3633,153.24540000000002,114.8821
2024-10-18,-1.5573,209.0558,210.6131
2024-10-21,23.3875,189.0815,165.69400000000002
2024-10-22,19.0588,130.305,111.2462
2024-10-23,27.959699999999998,193.79919999999998,165.83950000000002
2024-10-24,-28.758000000000003,126.4888,155.2468
2024-10-25,38.6959,170.9633,132.2674
2024-10-28,23.592,151.4267,127.8347
2024-10-29,28.5447,177.4575,148.9128
2024-10-30,-33.352199999999996,139.98069999999998,173.3329
2024-10-31,5.66169999999998,132.4596,126.79790000000001
2024-11-01,15.823900000000002,131.2028,115.37889999999999
2024-11-04,10.0915,114.2367,104.1452
2024-11-05,47.7141,199.00209999999998,151.28799999999998
2024-11-06,96.4799,255.5568,159.0769
2024-11-07,-7.62400000000001,205.1405,212.7645
2024-11-08,-29.3519,200.7081,230.06
2024-11-11,37.9343,226.03900000000002,188.1047
2024-11-12,53.06,258.0648,205.0048
2024-11-13,-51.9027,147.17950000000002,199.0822
2024-11-14,96.04180000000001,210.18919999999997,114.1474
2024-11-15,24.3792,132.3817,108.0025
2024-11-18,56.8713,143.4368,86.56549999999999
2024-11-19,17.758499999999998,106.553,88.79450000000001
2024-11-20,25.585700000000003,114.2287,88.64299999999999
2024-11-21,19.8272,111.46979999999999,91.6426
2024-11-22,14.012599999999999,152.4596,138.447
2024-11-25,5.0105999999999895,117.21459999999999,112.204
2024-11-26,27.788600000000002,106.85979999999999,79.0712
2024-11-27,33.5698,124.6839,91.1141
2024-11-28,31.968200000000003,93.9292,61.961000000000006
2024-11-29,29.8413,122.9785,93.13719999999999
2024-12-02,85.95540000000001,203.27830000000003,117.3229
2024-12-03,1.18530000000001,109.23790000000001,108.0526
2024-12-04,-59.947700000000005,106.0976,166.0453
2024-12-05,7.558700000000011,98.7092,91.1505
2024-12-06,21.4806,147.2374,125.7568
2024-12-09,53.7003,197.77779999999998,144.0775
2024-12-10,-30.702800000000003,198.18040000000002,228.8832
2024-12-11,25.5892,149.4459,123.8567
2024-12-12,-31.0023,141.5937,172.59599999999998
2024-12-13,49.4555,187.49779999999998,138.04229999999998
2024-12-16,-13.9256,121.4271,135.3527
2024-12-17,19.0386,122.2499,103.2113
2024-12-18,-6.23110000000001,102.8963,109.1274
2024-12-19,54.478100000000005,167.5558,113.07770000000001
2024-12-20,4.106100000000009,186.7539,182.6478
2024-12-23,-5.2795999999999905,123.046,128.3256
2024-12-24,23.2456,89.8002,66.5546
2024-12-27,45.7522,201.08849999999998,155.3363
2024-12-30,25.3686,170.33700000000002,144.9684
2024-12-31,15.2552,84.615,69.35979999999999
2025-01-02,-1.1458,143.247,144.3928
2025-01-03,36.3127,162.7561,126.4434
2025-01-06,7.66360000000001,109.5386,101.875
2025-01-07,-3.75330000000002,178.69639999999998,182.4497
2025-01-08,53.671800000000005,161.33870000000002,107.6669
2025-01-09,34.1687,117.37,83.20129999999999
2025-01-10,5.2183,117.1408,111.9225
2025-01-13,10.5604,109.0706,98.5102
2025-01-14,38.5196,146.1891,107.66950000000001
2025-01-15,32.2888,113.7323,81.4435
2025-01-16,14.8484,127.0441,112.1957
2025-01-17,32.0079,119.64620000000001,87.6383
2025-01-20,-6.96789999999999,118.65790000000001,125.6258
2025-01-21,-10.542300000000001,117.80930000000001,128.3516
2025-01-22,9.60459999999999,110.99889999999999,101.3943
2025-01-23,13.790899999999999,121.74969999999999,107.9588
2025-01-24,-16.2872,108.93549999999999,125.2227
2025-01-27,26.003,134.7816,108.77860000000001
2025-02-04,0.0,,
2025-02-05,-35.7246,148.5694,184.294
2025-02-06,39.3089,198.7974,159.48850000000002
2025-02-07,-12.325899999999999,238.59029999999998,250.9162
2025-02-10,59.529799999999994,255.282,195.75220000000002
2025-02-11,-72.0149,173.592,245.6069
2025-02-12,15.9213,236.6626,220.74130000000002
2025-02-13,-33.5876,281.4686,315.0562
2025-02-14,36.695100000000004,325.0707,288.3756
2025-02-17,31.0167,405.227,374.21029999999996
2025-02-18,89.0917,347.9104,258.8187
2025-02-19,15.948599999999999,242.6663,226.7177
2025-02-20,-61.311400000000006,250.1115,311.4229
2025-02-21,53.8625,383.8437,329.9812
2025-02-24,29.640100000000004,323.356,293.7159
2025-02-25,91.4241,341.16470000000004,249.7406
2025-02-26,82.7341,360.67760000000004,277.9435
2025-02-27,69.5551,402.4803,332.92519999999996
2025-02-28,62.97689999999999,342.1779,279.20099999999996
2025-03-03,37.420300000000005,274.4425,237.0222
2025-03-04,10.320799999999998,228.0557,217.7349
2025-03-05,37.8904,244.6685,206.77810000000002
2025-03-06,52.905100000000004,356.0754,303.1703
2025-03-07,43.4564,332.23690000000005,288.7805
2025-03-10,116.28620000000001,331.2112,214.925
2025-03-11,-19.3576,253.5171,272.8747
2025-03-12,99.6954,292.014,192.3186
2025-03-13,16.503800000000002,205.5255,189.02169999999998
2025-03-14,27.109099999999998,268.4704,241.3613
2025-03-17,41.0849,218.5673,177.4824
2025-03-18,12.870899999999999,231.05020000000002,218.1793
2025-03-19,40.5274,251.7909,211.2635
2025-03-20,-0.1552,252.68509999999998,252.84029999999998
2025-03-21,3.1448,253.2972,250.15240000000003
2025-03-24,3.44420000000002,197.1793,193.7351
2025-03-25,54.1634,244.59560000000002,190.43220000000002
2025-03-26,32.9097,170.1559,137.24620000000002
2025-03-27,9.22990000000002,200.8466,191.61669999999998
2025-03-28,26.505100000000002,200.59060000000002,174.0855
2025-03-31,-24.54,219.3752,243.9152
2025-04-01,79.5839,260.6861,181.1022
2025-04-02,39.357,195.2239,155.86690000000002
2025-04-03,117.96700000000001,296.3007,178.3337
2025-04-07,62.0188,523.5008,461.48199999999997
2025-04-08,98.37610000000001,385.0231,286.647
2025-04-09,140.622,399.2457,258.6237
2025-04-10,16.368399999999998,328.1451,311.7767
2025-04-11,47.168,266.8387,219.6707
2025-04-14,2.60470000000001,216.4525,213.84779999999998
2025-04-15,14.4374,169.0761,154.6387
2025-04-16,-1.4743000000000002,186.1173,187.5916
2025-04-17,18.0051,187.59220000000002,169.5871
2025-04-22,95.5443,310.10830000000004,214.56400000000002
2025-04-23,-86.6883,215.1406,301.8289
2025-04-24,-5.02760000000002,170.671,175.6986
2025-04-25,-48.6062,146.5305,195.1367
2025-04-28,-3.1250999999999998,156.41649999999998,159.5416
2025-04-29,-31.7304,124.01190000000001,155.7423
2025-04-30,8.476200000000011,160.9017,152.4255
2025-05-06,57.851499999999994,217.6525,159.80100000000002
2025-05-07,-36.8755,167.8245,204.7
2025-05-08,-12.8793,134.2867,147.166
2025-05-09,7.982400000000021,138.6262,130.6438
2025-05-12,-105.18610000000001,226.44459999999998,331.6307
2025-05-13,-15.7196,161.6217,177.34130000000002
2025-05-14,17.041600000000003,180.1478,163.1062
2025-05-15,-21.839000000000002,137.03709999999998,158.8761
2025-05-16,-10.2457,141.88909999999998,152.13479999999998
2025-05-19,11.918199999999999,166.52700000000002,154.6088
2025-05-20,20.2694,172.6418,152.3724
2025-05-21,-13.3828,165.7061,179.0889
2025-05-22,8.56200000000001,155.722,147.16
2025-05-23,-28.333099999999998,161.9215,190.25459999999998
2025-05-26,-33.6313,161.6965,195.3278
2025-05-27,38.0792,191.9334,153.8542
2025-05-28,-3.4632,124.43090000000001,127.8941
2025-05-29,1.96030000000002,168.1706,166.2103
2025-05-30,14.794500000000001,169.6573,154.8628
2025-06-03,9.29290000000001,184.4107,175.1178
2025-06-04,7.421100000000011,209.1466,201.72549999999998
2025-06-05,-16.8799,194.60080000000002,211.48069999999998
2025-06-06,-10.1197,188.38060000000002,198.50029999999998
2025-06-09,12.4722,229.0443,216.57209999999998
2025-06-10,27.9553,243.1323,215.17700000000002
2025-06-11,10.765,214.64669999999998,203.8817
2025-06-12,17.3328,242.6464,225.3136
2025-06-13,29.7856,306.5555,276.7699
2025-06-16,30.7531,264.8333,234.0802
2025-06-17,27.2211,221.2627,194.0416
2025-06-18,-2.294,158.2109,160.5049
2025-06-19,3.62530000000002,208.85490000000001,205.2296
2025-06-20,27.9272,177.77849999999998,149.85129999999998
2025-06-23,35.056599999999996,197.72560000000001,162.66899999999998
2025-06-24,17.7727,231.30849999999998,213.53580000000002
2025-06-25,48.196099999999994,278.464,230.2679
2025-06-26,20.4546,272.2824,251.8278
2025-06-27,27.4425,280.01669999999996,252.5742
2025-06-30,28.2636,247.168,218.90439999999998
2025-07-02,37.5703,253.7001,216.1298
2025-07-03,-11.8099,230.6882,242.49810000000002
2025-07-04,36.791,278.52819999999997,241.7372
2025-07-07,62.7601,235.8928,173.1327
2025-07-08,6.246099999999969,199.15259999999998,192.90650000000002
2025-07-09,26.7185,233.96810000000002,207.2496
2025-07-10,13.2312,251.8804,238.64919999999998
2025-07-11,39.4052,336.31690000000003,296.9117
2025-07-14,51.4079,250.9037,199.49580000000003
2025-07-15,22.3412,281.5296,259.1884
2025-07-16,-4.06420000000002,232.188,236.25220000000002
2025-07-17,1.86560000000001,248.9432,247.0776
2025-07-18,26.4302,254.048,227.6178
2025-07-21,31.5173,300.89459999999997,269.3773
2025-07-22,-2.6730999999999803,296.6658,299.33889999999997
2025-07-23,-3.91530000000002,310.7996,314.7149
2025-07-24,15.667,287.1094,271.4424
2025-07-25,87.098,325.0868,237.9888
2025-07-28,29.1505,256.4677,227.3172
2025-07-29,68.4173,319.94919999999996,251.53189999999998
2025-07-30,52.873000000000005,338.2815,285.4085
2025-07-31,55.2167,335.6293,280.4126
2025-08-01,66.317,286.86990000000003,220.55290000000002
2025-08-04,-69.67699999999999,199.88279999999997,269.5598
2025-08-05,94.89299999999999,283.4347,188.5417
2025-08-06,50.1634,260.9458,210.78240000000002
2025-08-07,40.239200000000004,283.5254,243.28619999999998
2025-08-08,29.915599999999998,251.1241,221.2085
2025-08-11,2.18769999999997,231.46669999999997,229.27900000000002
2025-08-12,48.3804,268.1534,219.773
2025-08-13,1.8211999999999902,298.0525,296.23130000000003
2025-08-14,-6.114700000000011,271.098,277.2127
2025-08-15,161.6464,422.4791,260.8327
2025-08-18,-5.55130000000005,343.2777,348.829
2025-08-19,96.62049999999999,377.2873,280.6668
2025-08-20,-70.9496,286.4947,357.4443
2025-08-21,52.595699999999994,303.3173,250.7216
2025-08-22,45.743500000000004,321.8359,276.0924
2025-08-25,10.6045,402.3325,391.728
2025-08-26,69.6745,326.2316,256.5571
2025-08-27,63.658100000000005,395.7985,332.1404
2025-08-28,-71.4421,345.63169999999997,417.07379999999995
2025-08-29,107.0393,401.6943,294.655
2025-09-01,62.8341,441.20910000000003,378.375
2025-09-02,36.4541,340.66,304.2059
2025-09-03,23.067800000000002,229.08970000000002,206.0219
2025-09-04,-6.80470000000001,281.3018,288.10650000000004
2025-09-05,48.8402,345.154,296.3138
2025-09-08,85.37629999999999,373.2472,287.8709
2025-09-09,81.1395,337.8471,256.70759999999996
2025-09-10,50.2975,287.9798,237.6823
2025-09-11,109.1627,396.9649,287.8022
2025-09-12,88.1814,347.7546,259.5732
2025-09-15,75.0457,342.9686,267.9229
2025-09-16,-2.13490000000002,286.4394,288.5743
2025-09-17,72.8479,373.897,301.0491
2025-09-18,43.8164,405.82599999999996,362.0096
2025-09-19,45.547799999999995,300.14349999999996,254.5957
2025-09-22,45.826899999999995,273.2788,227.4519
2025-09-23,-17.4723,259.4269,276.8992
2025-09-24,84.796,315.1929,230.3969
2025-09-25,62.163000000000004,319.8369,257.6739
2025-09-26,31.742600000000003,314.9295,283.1869
2025-09-29,7.036400000000031,279.91990000000004,272.88349999999997
2025-09-30,64.01140000000001,293.3965,229.3851
2025-10-09,-18.096,391.42620000000005,409.5222
2025-10-10,8.21239999999998,319.2826,311.0702
2025-10-13,122.0635,454.7201,332.6566
2025-10-14,36.3055,365.9194,329.6139
2025-10-15,8.66460000000003,272.3422,263.6776
2025-10-16,71.503,295.48470000000003,223.9817
2025-10-17,6.466799999999999,296.81,290.3432
2025-10-20,-3.8398000000000003,213.3355,217.1753
2025-10-21,-13.532,222.4472,235.9792
2025-10-22,33.2491,216.0602,182.8111
2025-10-23,5.74650000000001,225.93240000000003,220.1859
2025-10-24,27.0988,213.7673,186.6685
2025-10-27,12.2744,255.5746,243.30020000000002
2025-10-28,4.4623,197.72349999999997,193.2612
2025-10-30,70.2975,336.1979,265.9004
2025-10-31,29.474,258.9004,229.4264
2025-11-03,41.683,232.84709999999998,191.1641
2025-11-04,46.305,217.1344,170.8294
2025-11-05,70.1392,221.1419,151.0027
2025-11-06,41.279399999999995,233.3657,192.08630000000002
2025-11-07,38.3663,214.58450000000002,176.2182
2025-11-10,55.0188,232.0402,177.0214
2025-11-11,17.8563,185.9874,168.1311
2025-11-12,8.89360000000001,199.1927,190.2991
2025-11-13,-13.9288,237.91479999999999,251.8436
2025-11-14,56.1388,212.53799999999998,156.3992
2025-11-17,41.1294,196.5118,155.3824
2025-11-18,47.2139,206.62650000000002,159.4126
2025-11-19,41.0128,190.4231,149.4103
2025-11-20,81.8417,223.9757,142.134
2025-11-21,-3.9273000000000002,226.6108,230.53810000000001
2025-11-24,64.9379,251.2372,186.29930000000002
2025-11-25,40.2847,217.6943,177.40959999999998
2025-11-26,-25.1817,172.1088,197.29049999999998
2025-11-27,6.93129999999999,159.9589,153.0276
2025-11-28,17.944000000000003,120.6691,102.7251
2025-12-01,29.133200000000002,173.5984,144.4652
2025-12-02,30.706500000000002,169.5577,138.8512
2025-12-03,17.317899999999998,144.0685,126.75059999999999
2025-12-04,24.805100000000003,159.1061,134.30100000000002
2025-12-05,17.348599999999998,185.55830000000003,168.2097
2025-12-08,4.32100000000002,192.7306,188.40959999999998
2025-12-09,8.83189999999999,186.3935,177.5616
2025-12-10,22.025100000000002,186.12369999999999,164.0986
2025-12-11,11.111199999999998,194.55919999999998,183.44799999999998
2025-12-12,13.0868,321.9432,308.8564
2025-12-15,31.6562,235.887,204.23080000000002
2025-12-16,11.8765,193.3386,181.4621
2025-12-17,56.9112,199.06650000000002,142.1553
2025-12-18,23.5253,171.2592,147.7339
2025-12-19,42.973,165.0749,122.1019
2025-12-22,39.4937,188.2297,148.736
2025-12-23,11.9341,158.286,146.3519
2025-12-24,-6.2356,81.44239999999999,87.678
2025-12-29,-30.8356,205.6415,236.47709999999998
2025-12-30,-25.1773,153.2186,178.3959
2025-12-31,3.5144000000000104,98.507,94.9926
2026-01-05,89.1433,326.9115,237.7682
2026-01-06,19.0324,271.1359,252.1035
2026-01-07,56.882799999999996,297.964,241.0812
2026-01-08,-9.3291,230.4104,239.73950000000002
2026-01-09,51.553599999999996,247.3019,195.74830000000003
2026-01-12,57.595200000000006,334.20309999999995,276.60790000000003
2026-01-13,11.474300000000001,280.01279999999997,268.5385
2026-01-14,3.51599999999999,293.9025,290.3865
2026-01-15,-34.4561,208.4589,242.915
2026-01-16,-9.126000000000019,202.3087,211.43470000000002
2026-01-19,-7.501799999999999,191.81220000000002,199.31400000000002
2026-01-20,2.18469999999998,190.111,187.9263
2026-01-21,61.4096,233.13150000000002,171.72189999999998
2026-01-22,24.6375,194.83599999999998,170.1985
2026-01-23,-10.4101,189.94650000000001,200.3566
2026-01-26,-6.3813999999999895,214.59220000000002,220.9736
2026-01-27,7.39420000000002,201.59810000000002,194.2039
2026-01-28,13.4481,254.49919999999997,241.05110000000002
2026-01-29,20.0046,259.5045,239.49990000000003
2026-01-30,11.8256,223.8875,212.06189999999998
2026-02-02,-8.30369999999999,263.3259,271.6296
2026-02-03,-7.80809999999998,246.5038,254.31189999999998
2026-02-04,59.798199999999994,266.52209999999997,206.7239
2026-02-05,124.96340000000001,301.1381,176.1747
2026-02-06,77.4638,210.77,133.30620000000002
2026-02-09,-2.4207,204.1183,206.53900000000002
2026-02-10,-10.1874,188.0336,198.22099999999998
2026-02-11,19.9207,191.9205,171.9998
2026-02-12,-0.8916,188.7743,189.6659
2026-02-13,87.4264,241.68810000000002,154.2617
2026-02-24,21.703200000000002,251.0463,229.34310000000002
2026-02-25,14.3824,203.4486,189.06619999999998
2026-02-26,-50.5518,184.7854,235.33720000000002
2026-02-27,72.8074,211.18509999999998,138.3777
2026-03-02,81.05770000000001,342.9457,261.888
2026-03-03,33.262100000000004,328.5075,295.2454
2026-03-04,6.25169999999998,267.4989,261.2472
2026-03-05,-114.97059999999999,213.9283,328.89889999999997
2026-03-06,-7.23810000000001,251.89419999999998,259.1323
2026-03-09,111.4868,365.4691,253.9823
2026-03-10,-66.3029,239.99689999999998,306.2998
2026-03-11,18.666700000000002,225.5874,206.9207
2026-03-12,51.3226,229.6997,178.37709999999998
2026-03-13,66.3588,238.3362,171.97740000000002
2026-03-16,14.8479,218.8033,203.9554
2026-03-17,-55.7996,205.35,261.14959999999996
2026-03-18,8.17829999999998,193.59779999999998,185.4195
2026-03-19,91.76180000000001,330.82230000000004,239.0605
2026-03-20,-61.0696,215.273,276.3426
2026-03-23,148.1698,398.50019999999995,250.3304
2026-03-24,-102.366,233.6604,336.02639999999997
2026-03-25,80.9057,348.5233,267.6176
2026-03-26,-3.68560000000001,230.5134,234.199
2026-03-27,-27.022,169.1762,196.19819999999999
2026-03-30,-41.338,229.0032,270.3412
2026-03-31,-18.1873,209.74599999999998,227.93330000000003
2026-04-01,-59.092600000000004,231.56029999999998,290.6529
2026-04-02,87.43809999999999,261.4853,174.0472
2026-04-08,-79.90520000000001,265.0564,344.96160000000003
2026-04-09,44.1139,202.1025,157.98860000000002
2026-04-10,-12.3856,205.8971,218.2827
2026-04-13,-20.1707,161.9061,182.0768
2026-04-14,-14.172,172.2523,186.42430000000002
2026-04-15,20.9225,207.9666,187.0441
2026-04-16,7.84560000000001,185.6738,177.8282
2026-04-17,45.9775,214.52270000000001,168.5452
2026-04-20,-48.2025,164.7739,212.97639999999998
2026-04-21,-7.47129999999999,142.1862,149.6575
2026-04-22,6.380499999999991,190.0168,183.6363
2026-04-23,26.0185,223.3565,197.338
2026-04-24,-7.092200000000011,194.9,201.99220000000003
2026-04-27,-89.7432,160.8573,250.60049999999998
2026-04-28,36.905,209.68990000000002,172.78490000000002
2026-04-29,-51.5321,147.57209999999998,199.1042
2026-04-30,20.5754,239.14669999999998,218.5713
2026-05-06,-72.03699999999999,231.59040000000002,303.6274
2026-05-07,-27.0179,224.106,251.1239
2026-05-08,30.428,235.0884,204.6604
2026-05-11,-34.5401,230.8822,265.4223
2026-05-12,-26.1652,180.0982,206.2634
2026-05-13,-72.6982,194.8299,267.5281
